"Date","Price","Open","High","Low","Vol.","Change %"
"09/30/2022","3,592.9","3,654.9","3,680.5","3,584.5","","-1.71%"
"09/29/2022","3,655.3","3,713.9","3,721.2","3,610.5","","-1.55%"
"09/28/2022","3,713.0","3,650.3","3,736.3","3,601.6","","1.74%"
"09/27/2022","3,649.4","3,665.6","3,717.8","3,622.7","","-0.43%"
"09/26/2022","3,665.3","3,688.0","3,715.8","3,644.6","","-0.62%"
"09/25/2022","3,688.3","3,693.6","3,701.1","3,675.8","","-0.24%"
"09/23/2022","3,697.1","3,764.3","3,768.3","3,647.2","","-1.79%"
"09/22/2022","3,764.6","3,766.2","3,817.1","3,749.2","","-0.03%"
"09/21/2022","3,765.8","3,858.2","3,907.7","3,764.6","","-2.40%"
"09/20/2022","3,858.5","3,912.9","3,918.3","3,827.7","","-1.40%"
"09/19/2022","3,913.4","3,876.8","3,913.6","3,830.3","","0.94%"
"09/18/2022","3,877.1","3,873.9","3,880.9","3,868.2","","-0.15%"
"09/16/2022","3,882.9","3,877.8","3,883.5","3,837.1","","0.15%"
"09/15/2022","3,877.0","3,952.3","3,959.2","3,870.8","","-1.92%"
"09/14/2022","3,952.8","3,939.2","3,961.6","3,911.9","","0.35%"
"09/13/2022","3,939.0","4,115.4","4,149.2","3,921.2","","-4.28%"
"09/12/2022","4,115.2","4,077.4","4,120.5","4,063.1","","0.93%"
"09/11/2022","4,077.4","4,081.0","4,087.8","4,077.3","","0.28%"
"09/09/2022","4,066.1","4,009.3","4,076.7","4,008.6","","1.42%"
"09/08/2022","4,009.1","3,976.0","4,011.7","3,942.2","","0.82%"
"09/07/2022","3,976.3","3,905.8","3,988.2","3,883.8","","1.78%"
"09/06/2022","3,906.6","3,939.3","3,962.6","3,887.1","","-0.82%"
"09/05/2022","3,938.8","3,932.7","3,946.3","3,919.0","","0.14%"
"09/04/2022","3,933.4","3,930.3","3,933.9","3,915.9","","0.03%"
"09/02/2022","3,932.3","3,968.7","4,018.6","3,906.1","","-0.92%"
"09/01/2022","3,968.9","3,934.7","3,973.5","3,903.2","","0.88%"
"08/31/2022","3,934.4","3,987.3","4,017.1","3,927.9","","-1.31%"
"08/30/2022","3,986.8","4,040.6","4,071.7","3,965.0","","-1.34%"
"08/29/2022","4,040.8","4,012.7","4,063.3","4,007.2","","0.69%"
"08/28/2022","4,013.1","4,023.7","4,031.2","4,010.2","","-0.75%"
"08/26/2022","4,043.6","4,194.9","4,215.9","4,043.5","","-3.61%"
"08/25/2022","4,195.2","4,143.6","4,200.9","4,141.4","","1.25%"
"08/24/2022","4,143.4","4,127.2","4,156.9","4,109.4","","0.40%"
"08/23/2022","4,127.0","4,150.5","4,159.9","4,116.1","","-0.55%"
"08/22/2022","4,150.0","4,207.6","4,218.9","4,130.0","","-1.36%"
"08/21/2022","4,207.3","4,216.9","4,217.1","4,205.3","","-0.45%"
"08/19/2022","4,226.2","4,283.6","4,285.1","4,218.9","","-1.34%"
"08/18/2022","4,283.6","4,265.9","4,292.8","4,255.5","","0.41%"
"08/17/2022","4,266.3","4,304.3","4,312.2","4,253.0","","-0.89%"
"08/16/2022","4,304.6","4,292.0","4,325.4","4,277.7","","0.28%"
"08/15/2022","4,292.5","4,267.2","4,300.8","4,246.8","","0.60%"
"08/14/2022","4,266.9","4,275.8","4,276.3","4,266.9","","-0.27%"
"08/12/2022","4,278.5","4,214.2","4,280.1","4,206.0","","1.57%"
"08/11/2022","4,212.5","4,210.2","4,258.3","4,201.0","","0.06%"
"08/10/2022","4,209.9","4,127.3","4,211.9","4,112.5","","2.00%"
"08/09/2022","4,127.4","4,151.2","4,152.9","4,112.0","","-0.58%"
"08/08/2022","4,151.5","4,132.0","4,187.0","4,128.9","","0.47%"
"08/07/2022","4,132.0","4,148.5","4,149.4","4,129.8","","-0.19%"
"08/05/2022","4,140.0","4,152.4","4,164.6","4,101.8","","-0.29%"
"08/04/2022","4,152.1","4,147.4","4,170.7","4,135.5","","0.10%"
"08/03/2022","4,148.0","4,091.8","4,167.6","4,083.1","","1.37%"
"08/02/2022","4,092.0","4,112.8","4,140.8","4,079.6","","-0.49%"
"08/01/2022","4,112.0","4,115.0","4,144.4","4,094.9","","-0.08%"
"07/31/2022","4,115.2","4,136.1","4,136.1","4,112.2","","-0.37%"
"07/29/2022","4,130.3","4,092.6","4,139.9","4,078.8","","0.91%"
"07/28/2022","4,092.9","4,015.8","4,108.6","3,992.9","","1.91%"
"07/27/2022","4,016.0","3,951.2","4,039.1","3,944.6","","1.65%"
"07/26/2022","3,951.0","3,952.8","3,961.4","3,910.7","","-0.05%"
"07/25/2022","3,953.1","3,954.6","3,986.3","3,943.5","","-0.03%"
"07/24/2022","3,954.4","3,965.6","3,965.6","3,953.1","","-0.15%"
"07/22/2022","3,960.3","3,980.8","4,013.4","3,938.9","","-0.52%"
"07/21/2022","3,981.1","3,953.5","4,001.6","3,927.9","","0.68%"
"07/20/2022","3,954.1","3,940.2","3,974.1","3,920.2","","0.34%"
"07/19/2022","3,940.6","3,842.1","3,944.8","3,832.1","","2.58%"
"07/18/2022","3,841.6","3,871.6","3,906.6","3,819.2","","-0.77%"
"07/17/2022","3,871.6","3,875.8","3,878.4","3,866.2","","0.19%"
"07/15/2022","3,864.4","3,808.0","3,865.1","3,777.9","","1.49%"
"07/14/2022","3,807.8","3,774.7","3,808.5","3,721.7","","0.87%"
"07/13/2022","3,775.0","3,818.7","3,863.7","3,749.1","","-1.14%"
"07/12/2022","3,818.7","3,860.8","3,873.7","3,802.1","","-1.09%"
"07/11/2022","3,860.9","3,894.4","3,894.4","3,847.6","","-0.85%"
"07/10/2022","3,893.9","3,896.9","3,897.1","3,887.1","","-0.22%"
"07/08/2022","3,902.5","3,894.2","3,918.6","3,864.6","","0.23%"
"07/07/2022","3,893.7","3,847.7","3,910.8","3,829.7","","1.18%"
"07/06/2022","3,848.4","3,823.7","3,871.6","3,806.5","","0.66%"
"07/05/2022","3,823.0","3,842.9","3,846.9","3,740.6","","-0.53%"
"07/04/2022","3,843.4","3,808.9","3,853.2","3,790.3","","0.90%"
"07/03/2022","3,809.1","3,822.6","3,824.3","3,807.3","","-0.40%"
"07/01/2022","3,824.4","3,787.6","3,830.3","3,742.4","","0.99%"
"06/30/2022","3,786.9","3,812.1","3,818.8","3,736.8","","-0.67%"
"06/29/2022","3,812.4","3,824.8","3,835.6","3,797.1","","-0.34%"
"06/28/2022","3,825.3","3,906.2","3,945.5","3,818.2","","-2.07%"
"06/27/2022","3,906.0","3,896.0","3,943.6","3,888.7","","0.24%"
"06/26/2022","3,896.5","3,912.0","3,917.5","3,896.2","","-0.32%"
"06/24/2022","3,909.1","3,782.9","3,914.9","3,778.9","","3.36%"
"06/23/2022","3,782.2","3,740.4","3,802.7","3,731.6","","1.10%"
"06/22/2022","3,740.9","3,761.3","3,801.5","3,690.8","","-0.53%"
"06/21/2022","3,760.8","3,713.4","3,780.0","3,709.6","","1.28%"
"06/20/2022","3,713.4","3,702.4","3,721.0","3,659.5","","0.29%"
"06/19/2022","3,702.5","3,681.4","3,704.7","3,681.4","","0.61%"
"06/17/2022","3,680.1","3,674.6","3,709.7","3,636.8","","0.16%"
"06/16/2022","3,674.3","3,816.1","3,828.2","3,639.5","","-3.72%"
"06/15/2022","3,816.3","3,756.3","3,838.0","3,721.0","","1.60%"
"06/14/2022","3,756.3","3,758.9","3,803.9","3,705.3","","-0.07%"
"06/13/2022","3,759.1","3,863.8","3,864.3","3,734.3","","-2.69%"
"06/12/2022","3,863.2","3,872.3","3,877.4","3,860.8","","-1.17%"
"06/10/2022","3,908.8","4,023.9","4,030.8","3,897.8","","-2.85%"
"06/09/2022","4,023.4","4,119.8","4,144.3","4,016.8","","-2.32%"
"06/08/2022","4,119.0","4,147.7","4,160.4","4,106.9","","-0.69%"
"06/07/2022","4,147.8","4,122.5","4,164.5","4,077.3","","0.61%"
"06/06/2022","4,122.5","4,109.0","4,169.0","4,106.2","","0.30%"
"06/05/2022","4,110.1","4,114.9","4,118.0","4,106.0","","0.00%"
"06/03/2022","4,110.1","4,182.5","4,185.0","4,098.4","","-1.74%"
"06/02/2022","4,182.7","4,088.8","4,189.8","4,074.1","","2.30%"
"06/01/2022","4,088.8","4,149.6","4,166.0","4,073.9","","-1.46%"
"05/31/2022","4,149.2","4,179.7","4,180.7","4,105.3","","-0.72%"
"05/30/2022","4,179.4","4,169.3","4,204.1","4,163.2","","0.24%"
"05/29/2022","4,169.6","4,166.8","4,174.8","4,159.7","","0.00%"
"05/27/2022","4,169.4","4,058.2","4,169.8","4,043.4","","2.74%"
"05/26/2022","4,058.3","3,970.9","4,075.1","3,962.5","","2.19%"
"05/25/2022","3,971.5","3,959.3","3,999.5","3,917.0","","0.27%"
"05/24/2022","3,960.7","3,949.2","3,965.5","3,874.8","","0.27%"
"05/23/2022","3,950.0","3,938.4","3,984.3","3,909.1","","0.29%"
"05/22/2022","3,938.4","3,925.5","3,939.9","3,920.8","","0.87%"
"05/20/2022","3,904.3","3,911.9","3,952.2","3,810.2","","-0.17%"
"05/19/2022","3,910.8","3,899.3","3,945.9","3,858.9","","0.25%"
"05/18/2022","3,900.9","4,088.3","4,091.6","3,900.7","","-4.58%"
"05/17/2022","4,088.1","4,011.8","4,097.5","4,006.8","","1.91%"
"05/16/2022","4,011.5","4,039.1","4,046.7","3,983.5","","-0.69%"
"05/15/2022","4,039.3","4,028.2","4,045.2","4,022.6","","0.53%"
"05/13/2022","4,018.0","3,945.3","4,039.0","3,941.5","","1.84%"
"05/12/2022","3,945.5","3,945.8","3,964.8","3,859.0","","-0.01%"
"05/11/2022","3,945.9","3,996.4","4,055.2","3,929.1","","-1.27%"
"05/10/2022","3,996.7","4,004.2","4,069.5","3,958.2","","-0.18%"
"05/09/2022","4,004.0","4,085.2","4,098.0","3,975.1","","-1.99%"
"05/08/2022","4,085.2","4,095.3","4,103.5","4,080.0","","-0.78%"
"05/06/2022","4,117.3","4,153.3","4,157.8","4,067.9","","-0.85%"
"05/05/2022","4,152.8","4,292.6","4,305.4","4,105.5","","-3.25%"
"05/04/2022","4,292.4","4,181.5","4,307.6","4,148.7","","2.65%"
"05/03/2022","4,181.5","4,153.3","4,200.6","4,134.6","","0.67%"
"05/02/2022","4,153.8","4,136.9","4,169.9","4,062.1","","0.41%"
"05/01/2022","4,137.0","4,146.0","4,152.4","4,122.1","","-0.12%"
"04/29/2022","4,141.8","4,250.9","4,284.6","4,124.4","","-2.56%"
"04/28/2022","4,250.4","4,217.2","4,308.5","4,188.1","","0.77%"
"04/27/2022","4,217.8","4,178.9","4,241.2","4,163.1","","0.94%"
"04/26/2022","4,178.6","4,295.0","4,308.1","4,142.2","","-2.71%"
"04/25/2022","4,295.1","4,263.6","4,301.0","4,200.3","","0.74%"
"04/24/2022","4,263.6","4,264.8","4,272.1","4,255.2","","0.17%"
"04/22/2022","4,256.3","4,381.8","4,396.9","4,252.8","","-2.87%"
"04/21/2022","4,381.9","4,475.3","4,512.7","4,380.5","","-2.09%"
"04/20/2022","4,475.3","4,447.3","4,488.4","4,437.4","","0.62%"
"04/19/2022","4,447.8","4,414.8","4,470.7","4,376.7","","0.73%"
"04/18/2022","4,415.6","4,362.9","4,415.8","4,361.6","","1.20%"
"04/17/2022","4,363.2","4,393.6","4,393.6","4,362.1","","-0.70%"
"04/14/2022","4,393.8","4,443.3","4,460.4","4,389.9","","-1.11%"
"04/13/2022","4,443.0","4,410.0","4,453.9","4,388.4","","0.74%"
"04/12/2022","4,410.3","4,411.3","4,470.9","4,380.8","","-0.02%"
"04/11/2022","4,411.3","4,481.0","4,485.9","4,408.6","","-1.56%"
"04/10/2022","4,481.3","4,493.7","4,495.7","4,481.1","","-0.15%"
"04/08/2022","4,488.0","4,506.4","4,524.3","4,474.6","","-0.43%"
"04/07/2022","4,507.2","4,465.2","4,521.2","4,450.3","","0.92%"
"04/06/2022","4,466.0","4,528.2","4,533.4","4,449.8","","-1.37%"
"04/05/2022","4,528.2","4,579.0","4,593.7","4,514.9","","-1.11%"
"04/04/2022","4,578.8","4,536.9","4,585.7","4,533.6","","0.93%"
"04/03/2022","4,536.4","4,544.7","4,545.2","4,534.8","","-0.16%"
"04/01/2022","4,543.7","4,548.0","4,560.4","4,507.4","","-0.09%"
"03/31/2022","4,547.7","4,604.4","4,620.0","4,532.9","","-1.23%"
"03/30/2022","4,604.2","4,627.2","4,633.0","4,580.7","","-0.50%"
"03/29/2022","4,627.5","4,575.2","4,637.3","4,572.2","","1.16%"
"03/28/2022","4,574.4","4,533.5","4,579.1","4,517.4","","0.88%"
"03/27/2022","4,534.4","4,542.7","4,546.6","4,534.0","","-0.18%"
"03/25/2022","4,542.8","4,517.8","4,546.1","4,501.1","","0.56%"
"03/24/2022","4,517.7","4,460.3","4,524.4","4,453.8","","1.29%"
"03/23/2022","4,460.2","4,517.4","4,521.9","4,453.1","","-1.27%"
"03/22/2022","4,517.6","4,453.1","4,521.7","4,441.5","","1.43%"
"03/21/2022","4,453.8","4,461.7","4,482.2","4,424.1","","-0.17%"
"03/20/2022","4,461.4","4,468.7","4,472.7","4,460.7","","-0.29%"
"03/18/2022","4,474.2","4,388.9","4,474.7","4,373.2","","1.95%"
"03/17/2022","4,388.7","4,364.8","4,415.6","4,329.3","","0.54%"
"03/16/2022","4,365.0","4,256.6","4,374.8","4,247.4","","2.54%"
"03/15/2022","4,256.8","4,181.6","4,271.0","4,137.9","","1.79%"
"03/14/2022","4,181.8","4,232.7","4,254.2","4,161.3","","-1.21%"
"03/13/2022","4,233.1","4,227.0","4,236.0","4,216.9","","0.62%"
"03/11/2022","4,206.9","4,265.9","4,336.4","4,199.4","","-1.36%"
"03/10/2022","4,265.1","4,278.3","4,283.2","4,209.4","","-0.30%"
"03/09/2022","4,278.0","4,172.0","4,299.4","4,167.1","","2.56%"
"03/08/2022","4,171.3","4,188.9","4,277.0","4,142.8","","-0.42%"
"03/07/2022","4,188.7","4,271.8","4,327.6","4,184.0","","-1.95%"
"03/06/2022","4,272.2","4,306.3","4,306.3","4,266.0","","-1.16%"
"03/04/2022","4,322.4","4,375.6","4,376.9","4,284.6","","-1.19%"
"03/03/2022","4,374.6","4,378.9","4,421.6","4,345.2","","-0.08%"
"03/02/2022","4,378.3","4,321.5","4,400.9","4,282.4","","1.33%"
"03/01/2022","4,321.0","4,381.5","4,402.4","4,279.8","","-1.38%"
"02/28/2022","4,381.5","4,288.6","4,388.8","4,264.2","","2.15%"
"02/27/2022","4,289.2","4,298.1","4,308.4","4,259.1","","-2.22%"
"02/25/2022","4,386.8","4,265.8","4,388.4","4,233.0","","2.83%"
"02/24/2022","4,266.1","4,223.2","4,295.2","4,106.8","","1.02%"
"02/23/2022","4,222.9","4,329.6","4,350.4","4,213.9","","-2.46%"
"02/22/2022","4,329.2","4,277.4","4,363.5","4,265.9","","1.19%"
"02/21/2022","4,278.1","4,327.5","4,396.4","4,255.5","","-1.15%"
"02/20/2022","4,327.7","4,328.5","4,339.0","4,322.0","","-0.50%"
"02/18/2022","4,349.6","4,383.4","4,416.6","4,326.7","","-0.78%"
"02/17/2022","4,383.6","4,466.7","4,473.4","4,373.0","","-1.86%"
"02/16/2022","4,466.9","4,458.4","4,489.8","4,429.6","","0.18%"
"02/15/2022","4,458.9","4,410.5","4,474.4","4,388.1","","1.12%"
"02/14/2022","4,409.7","4,424.6","4,433.9","4,361.0","","-0.33%"
"02/13/2022","4,424.1","4,419.3","4,427.3","4,408.1","","-0.02%"
"02/11/2022","4,425.1","4,492.2","4,527.4","4,401.4","","-1.49%"
"02/10/2022","4,491.9","4,586.5","4,590.3","4,484.2","","-2.06%"
"02/09/2022","4,586.5","4,532.7","4,592.1","4,525.5","","1.19%"
"02/08/2022","4,532.7","4,495.2","4,533.5","4,465.2","","0.84%"
"02/07/2022","4,495.0","4,507.1","4,522.5","4,471.2","","-0.27%"
"02/06/2022","4,507.0","4,507.3","4,508.0","4,496.7","","0.32%"
"02/04/2022","4,492.6","4,527.2","4,540.0","4,447.2","","-0.76%"
"02/03/2022","4,526.9","4,540.1","4,552.9","4,471.4","","-0.29%"
"02/02/2022","4,540.1","4,560.5","4,594.8","4,539.2","","-0.45%"
"02/01/2022","4,560.4","4,502.9","4,563.9","4,484.1","","1.29%"
"01/31/2022","4,502.4","4,420.3","4,516.2","4,403.9","","1.85%"
"01/30/2022","4,420.6","4,431.6","4,435.7","4,411.1","","-0.18%"
"01/28/2022","4,428.4","4,342.6","4,433.9","4,274.9","","1.95%"
"01/27/2022","4,343.9","4,374.0","4,429.3","4,273.0","","-0.70%"
"01/26/2022","4,374.5","4,365.9","4,454.4","4,304.6","","0.19%"
"01/25/2022","4,366.2","4,411.4","4,412.9","4,286.1","","-1.00%"
"01/24/2022","4,410.3","4,422.1","4,435.2","4,221.8","","-0.28%"
"01/23/2022","4,422.6","4,396.8","4,422.9","4,394.8","","0.69%"
"01/21/2022","4,392.5","4,470.6","4,494.6","4,390.5","","-1.74%"
"01/20/2022","4,470.2","4,525.7","4,602.5","4,446.3","","-1.19%"
"01/19/2022","4,524.0","4,576.8","4,610.9","4,523.5","","-1.15%"
"01/18/2022","4,576.6","4,665.7","4,669.9","4,568.9","","-1.89%"
"01/17/2022","4,664.9","4,664.5","4,674.2","4,647.0","","0.00%"
"01/16/2022","4,664.7","4,676.8","4,678.6","4,662.3","","-0.15%"
"01/14/2022","4,671.8","4,662.8","4,674.6","4,614.9","","0.19%"
"01/13/2022","4,662.8","4,726.1","4,744.7","4,650.4","","-1.33%"
"01/12/2022","4,725.6","4,712.5","4,748.7","4,704.2","","0.27%"
"01/11/2022","4,712.8","4,674.3","4,716.1","4,636.8","","0.81%"
"01/10/2022","4,674.8","4,666.5","4,690.1","4,581.4","","0.18%"
"01/09/2022","4,666.3","4,679.4","4,682.0","4,659.3","","-0.21%"
"01/07/2022","4,676.2","4,707.8","4,714.1","4,662.7","","-0.67%"
"01/06/2022","4,707.7","4,707.3","4,725.1","4,671.4","","0.01%"
"01/05/2022","4,707.0","4,787.2","4,797.2","4,691.1","","-1.68%"
"01/04/2022","4,787.2","4,792.6","4,817.9","4,774.2","","-0.10%"
"01/03/2022","4,792.2","4,783.5","4,798.9","4,756.6","","0.19%"
"01/02/2022","4,783.0","4,779.4","4,785.2","4,779.4","","0.11%"
"12/31/2021","4,777.8","4,781.6","4,786.8","4,759.7","","-0.07%"
"12/30/2021","4,781.3","4,788.5","4,808.5","4,776.2","","-0.15%"
"12/29/2021","4,788.7","4,795.0","4,803.7","4,778.8","","-0.13%"
"12/28/2021","4,794.7","4,787.6","4,806.8","4,779.7","","0.16%"
"12/27/2021","4,787.1","4,732.5","4,792.8","4,722.9","","1.16%"
"12/26/2021","4,732.1","4,729.1","4,734.4","4,727.4","","0.12%"
"12/23/2021","4,726.4","4,700.1","4,740.5","4,694.7","","0.54%"
"12/22/2021","4,700.8","4,647.3","4,702.6","4,632.6","","1.16%"
"12/21/2021","4,647.0","4,588.6","4,652.5","4,575.9","","1.28%"
"12/20/2021","4,588.4","4,595.6","4,601.9","4,530.9","","-0.13%"
"12/19/2021","4,594.6","4,622.9","4,631.0","4,593.5","","-0.76%"
"12/17/2021","4,629.6","4,667.2","4,676.5","4,600.5","","-0.79%"
"12/16/2021","4,666.7","4,716.9","4,752.0","4,651.4","","-1.07%"
"12/15/2021","4,717.0","4,636.9","4,721.0","4,611.4","","1.74%"
"12/14/2021","4,636.4","4,674.5","4,686.1","4,606.4","","-0.81%"
"12/13/2021","4,674.1","4,720.6","4,731.9","4,665.8","","-0.99%"
"12/12/2021","4,720.7","4,713.6","4,721.9","4,713.6","","0.17%"
"12/10/2021","4,712.9","4,674.0","4,713.4","4,665.3","","0.85%"
"12/09/2021","4,673.3","4,697.8","4,707.4","4,663.6","","-0.52%"
"12/08/2021","4,697.9","4,690.9","4,713.0","4,674.4","","0.14%"
"12/07/2021","4,691.1","4,595.5","4,698.7","4,589.0","","2.10%"
"12/06/2021","4,594.8","4,559.1","4,612.8","4,533.8","","0.79%"
"12/05/2021","4,559.0","4,545.3","4,560.8","4,538.0","","0.56%"
"12/03/2021","4,533.6","4,563.3","4,607.6","4,494.7","","-0.65%"
"12/02/2021","4,563.3","4,529.1","4,595.7","4,507.8","","0.77%"
"12/01/2021","4,528.5","4,586.6","4,653.2","4,501.3","","-1.26%"
"11/30/2021","4,586.1","4,665.8","4,670.1","4,560.3","","-1.70%"
"11/29/2021","4,665.6","4,629.1","4,673.1","4,623.4","","0.79%"
"11/28/2021","4,629.0","4,593.3","4,634.0","4,593.3","","1.01%"
"11/26/2021","4,582.6","4,690.7","4,690.9","4,581.5","","-2.30%"
"11/25/2021","4,690.7","4,704.9","4,719.9","4,689.4","","-0.30%"
"11/24/2021","4,704.8","4,685.7","4,705.9","4,659.9","","0.42%"
"11/23/2021","4,685.2","4,688.7","4,699.0","4,652.7","","-0.07%"
"11/22/2021","4,688.4","4,700.9","4,743.7","4,677.7","","-0.26%"
"11/21/2021","4,700.8","4,704.1","4,707.8","4,700.8","","-0.01%"
"11/19/2021","4,701.2","4,708.6","4,727.2","4,688.4","","-0.16%"
"11/18/2021","4,708.8","4,691.9","4,710.9","4,672.2","","0.36%"
"11/17/2021","4,692.0","4,702.9","4,704.9","4,684.4","","-0.24%"
"11/16/2021","4,703.3","4,685.4","4,715.0","4,675.9","","0.39%"
"11/15/2021","4,685.1","4,690.3","4,702.5","4,673.0","","-0.10%"
"11/14/2021","4,690.0","4,688.4","4,694.5","4,688.4","","0.07%"
"11/12/2021","4,686.8","4,656.4","4,690.5","4,649.7","","0.65%"
"11/11/2021","4,656.4","4,647.8","4,666.8","4,646.5","","0.20%"
"11/10/2021","4,647.3","4,677.8","4,686.1","4,631.0","","-0.65%"
"11/09/2021","4,677.7","4,696.1","4,707.2","4,670.6","","-0.39%"
"11/08/2021","4,695.8","4,691.0","4,714.2","4,683.7","","0.09%"
"11/07/2021","4,691.4","4,685.7","4,696.5","4,685.7","","-0.02%"
"11/05/2021","4,692.4","4,683.7","4,718.3","4,674.7","","0.18%"
"11/04/2021","4,683.9","4,666.5","4,684.2","4,658.2","","0.37%"
"11/03/2021","4,666.7","4,627.3","4,667.7","4,621.3","","0.86%"
"11/02/2021","4,627.0","4,611.5","4,635.1","4,601.5","","0.33%"
"11/01/2021","4,611.6","4,618.2","4,626.9","4,594.8","","-0.13%"
"10/31/2021","4,617.8","4,616.0","4,620.4","4,610.4","","0.19%"
"10/29/2021","4,609.1","4,583.0","4,610.6","4,567.5","","0.58%"
"10/28/2021","4,582.5","4,562.0","4,598.0","4,553.5","","0.45%"
"10/27/2021","4,561.8","4,577.6","4,584.6","4,552.5","","-0.35%"
"10/26/2021","4,578.0","4,576.3","4,598.4","4,569.3","","0.06%"
"10/25/2021","4,575.1","4,534.2","4,575.6","4,534.1","","0.91%"
"10/24/2021","4,534.0","4,538.0","4,540.6","4,531.0","","-0.09%"
"10/22/2021","4,538.1","4,538.8","4,559.7","4,524.1","","0.00%"
"10/21/2021","4,538.3","4,529.3","4,551.8","4,518.8","","0.21%"
"10/20/2021","4,529.0","4,525.4","4,540.8","4,513.4","","0.10%"
"10/19/2021","4,524.6","4,486.8","4,526.2","4,481.5","","0.84%"
"10/18/2021","4,486.8","4,461.8","4,488.8","4,445.1","","0.57%"
"10/17/2021","4,461.3","4,475.8","4,478.1","4,461.1","","-0.27%"
"10/15/2021","4,473.2","4,445.4","4,476.0","4,435.4","","0.63%"
"10/14/2021","4,445.4","4,371.1","4,447.1","4,371.1","","1.69%"
"10/13/2021","4,371.6","4,338.4","4,373.7","4,329.6","","0.78%"
"10/12/2021","4,337.8","4,358.2","4,374.7","4,327.6","","-0.46%"
"10/11/2021","4,357.7","4,366.2","4,416.0","4,351.7","","-0.23%"
"10/10/2021","4,367.7","4,391.2","4,396.7","4,362.4","","-0.50%"
"10/08/2021","4,389.6","4,408.8","4,416.6","4,385.8","","-0.45%"
"10/07/2021","4,409.6","4,374.4","4,430.3","4,372.1","","0.79%"
"10/06/2021","4,374.9","4,338.5","4,380.6","4,284.1","","0.84%"
"10/05/2021","4,338.3","4,303.7","4,369.5","4,279.7","","0.81%"
"10/04/2021","4,303.6","4,367.5","4,368.6","4,278.8","","-1.48%"
"10/03/2021","4,368.1","4,358.5","4,372.0","4,357.5","","0.15%"
"10/01/2021","4,361.4","4,315.5","4,375.5","4,270.8","","1.05%"
"09/30/2021","4,316.2","4,371.9","4,397.9","4,305.2","","-1.28%"
"09/29/2021","4,372.1","4,365.2","4,388.7","4,354.8","","0.15%"
"09/28/2021","4,365.5","4,440.3","4,451.8","4,346.3","","-1.68%"
"09/27/2021","4,440.1","4,462.9","4,482.4","4,435.8","","-0.51%"
"09/26/2021","4,462.7","4,457.3","4,464.4","4,456.3","","0.14%"
"09/24/2021","4,456.4","4,451.8","4,463.5","4,421.6","","0.10%"
"09/23/2021","4,451.8","4,403.3","4,465.6","4,401.8","","1.11%"
"09/22/2021","4,403.1","4,341.6","4,416.8","4,332.2","","1.40%"
"09/21/2021","4,342.1","4,366.9","4,406.4","4,341.6","","-0.57%"
"09/20/2021","4,366.9","4,427.6","4,428.9","4,305.6","","-1.36%"
"09/19/2021","4,426.9","4,422.9","4,427.4","4,415.6","","0.18%"
"09/17/2021","4,418.9","4,466.9","4,481.9","4,418.1","","-1.08%"
"09/16/2021","4,467.1","4,483.9","4,487.0","4,443.0","","-0.38%"
"09/15/2021","4,484.2","4,450.5","4,486.6","4,437.8","","0.75%"
"09/14/2021","4,450.7","4,475.3","4,488.8","4,435.3","","-0.56%"
"09/13/2021","4,475.6","4,476.0","4,493.8","4,445.8","","0.00%"
"09/12/2021","4,475.8","4,462.0","4,476.8","4,462.0","","0.31%"
"09/10/2021","4,462.1","4,492.4","4,519.1","4,457.7","","-0.66%"
"09/09/2021","4,491.9","4,509.1","4,529.9","4,487.3","","-0.36%"
"09/08/2021","4,508.3","4,515.8","4,525.5","4,493.8","","-0.17%"
"09/07/2021","4,515.8","4,540.6","4,542.4","4,512.9","","-0.55%"
"09/06/2021","4,540.7","4,529.4","4,549.4","4,525.4","","0.24%"
"09/05/2021","4,529.7","4,535.4","4,536.0","4,529.4","","-0.12%"
"09/03/2021","4,535.0","4,536.7","4,546.9","4,521.4","","-0.02%"
"09/02/2021","4,536.0","4,524.9","4,545.8","4,517.9","","0.24%"
"09/01/2021","4,525.2","4,530.8","4,542.0","4,522.1","","-0.11%"
"08/31/2021","4,530.3","4,529.8","4,544.6","4,516.2","","0.01%"
"08/30/2021","4,529.8","4,514.3","4,537.6","4,504.3","","0.34%"
"08/29/2021","4,514.3","4,511.1","4,516.5","4,509.4","","0.08%"
"08/27/2021","4,510.7","4,469.2","4,513.4","4,465.9","","0.92%"
"08/26/2021","4,469.7","4,496.3","4,496.6","4,468.2","","-0.59%"
"08/25/2021","4,496.1","4,485.4","4,502.1","4,480.4","","0.23%"
"08/24/2021","4,485.7","4,487.5","4,495.8","4,480.8","","-0.03%"
"08/23/2021","4,487.2","4,443.8","4,489.9","4,443.4","","0.97%"
"08/22/2021","4,444.0","4,439.1","4,446.3","4,437.6","","0.04%"
"08/20/2021","4,442.1","4,399.1","4,444.5","4,376.1","","0.99%"
"08/19/2021","4,398.6","4,396.0","4,418.6","4,352.5","","0.05%"
"08/18/2021","4,396.2","4,438.4","4,454.0","4,386.6","","-0.94%"
"08/17/2021","4,437.9","4,476.0","4,476.5","4,417.5","","-0.85%"
"08/16/2021","4,476.1","4,463.5","4,481.5","4,438.0","","0.29%"
"08/15/2021","4,463.3","4,462.9","4,464.5","4,460.9","","-0.06%"
"08/13/2021","4,465.8","4,458.6","4,468.8","4,456.8","","0.17%"
"08/12/2021","4,458.1","4,444.8","4,462.0","4,436.2","","0.29%"
"08/11/2021","4,445.0","4,434.4","4,449.8","4,427.6","","0.24%"
"08/10/2021","4,434.3","4,432.1","4,445.4","4,423.6","","0.05%"
"08/09/2021","4,432.3","4,421.5","4,438.7","4,419.1","","0.24%"
"08/08/2021","4,421.8","4,435.1","4,435.5","4,419.5","","-0.35%"
"08/06/2021","4,437.5","4,424.1","4,440.1","4,423.4","","0.31%"
"08/05/2021","4,423.9","4,405.3","4,429.9","4,401.6","","0.43%"
"08/04/2021","4,405.1","4,416.0","4,422.6","4,399.8","","-0.24%"
"08/03/2021","4,415.8","4,393.8","4,424.3","4,373.2","","0.50%"
"08/02/2021","4,394.0","4,413.9","4,426.7","4,385.0","","-0.46%"
"08/01/2021","4,414.2","4,404.8","4,415.9","4,403.0","","0.27%"
"07/30/2021","4,402.1","4,393.6","4,412.3","4,377.8","","0.18%"
"07/29/2021","4,394.1","4,401.4","4,430.2","4,387.9","","-0.17%"
"07/28/2021","4,401.7","4,399.7","4,415.6","4,387.3","","0.04%"
"07/27/2021","4,399.9","4,419.4","4,420.6","4,372.5","","-0.45%"
"07/26/2021","4,419.6","4,403.7","4,424.6","4,383.7","","0.29%"
"07/23/2021","4,406.9","4,377.3","4,415.3","4,375.8","","0.67%"
"07/22/2021","4,377.5","4,361.9","4,379.7","4,350.0","","0.35%"
"07/21/2021","4,362.4","4,332.6","4,364.9","4,318.3","","0.68%"
"07/20/2021","4,332.8","4,270.0","4,337.0","4,261.5","","1.46%"
"07/19/2021","4,270.3","4,316.2","4,317.5","4,233.0","","-1.06%"
"07/18/2021","4,316.0","4,327.5","4,328.5","4,311.7","","-0.26%"
"07/16/2021","4,327.2","4,367.4","4,375.1","4,322.5","","-0.75%"
"07/15/2021","4,360.0","4,369.0","4,369.0","4,340.7","","-0.33%"
"07/14/2021","4,374.3","4,380.1","4,393.7","4,362.4","","0.12%"
"07/13/2021","4,369.2","4,381.1","4,392.4","4,366.9","","-0.35%"
"07/12/2021","4,384.6","4,372.4","4,386.7","4,364.0","","0.35%"
"07/09/2021","4,369.5","4,329.4","4,371.6","4,329.4","","1.13%"
"07/08/2021","4,320.8","4,321.1","4,330.9","4,289.4","","-0.86%"
"07/07/2021","4,358.1","4,351.0","4,361.9","4,329.8","","0.34%"
"07/06/2021","4,343.5","4,356.5","4,356.5","4,314.4","","-0.07%"
"07/05/2021","4,346.4","4,339.4","4,347.4","4,333.1","","0.17%"
"07/04/2021","4,339.1","4,338.8","4,342.6","4,338.3","","-0.30%"
"07/02/2021","4,352.3","4,326.6","4,355.4","4,326.6","","0.75%"
"07/01/2021","4,319.9","4,300.7","4,320.7","4,300.7","","0.52%"
"06/30/2021","4,297.5","4,290.6","4,302.4","4,288.0","","0.13%"
"06/29/2021","4,291.8","4,293.2","4,300.5","4,287.0","","0.03%"
"06/28/2021","4,290.6","4,284.9","4,292.1","4,274.7","","0.23%"
"06/25/2021","4,280.7","4,274.5","4,286.1","4,271.2","","0.33%"
"06/24/2021","4,266.5","4,257.0","4,271.3","4,257.0","","0.58%"
"06/23/2021","4,241.8","4,249.3","4,256.6","4,241.4","","-0.11%"
"06/22/2021","4,246.4","4,224.6","4,255.8","4,217.3","","0.51%"
"06/21/2021","4,224.8","4,173.4","4,226.2","4,173.4","","1.40%"
"06/18/2021","4,166.5","4,204.8","4,204.8","4,164.4","","-1.31%"
"06/17/2021","4,221.9","4,220.4","4,232.3","4,196.0","","-0.04%"
"06/16/2021","4,223.7","4,248.9","4,251.9","4,202.5","","-0.54%"
"06/15/2021","4,246.6","4,255.3","4,257.2","4,238.4","","-0.20%"
"06/14/2021","4,255.1","4,248.3","4,255.6","4,234.1","","0.18%"
"06/11/2021","4,247.4","4,242.9","4,248.4","4,232.3","","0.19%"
"06/10/2021","4,239.2","4,228.6","4,249.7","4,220.3","","0.47%"
"06/09/2021","4,219.5","4,233.0","4,237.1","4,218.7","","-0.18%"
"06/08/2021","4,227.3","4,233.8","4,236.7","4,208.4","","0.02%"
"06/07/2021","4,226.5","4,229.3","4,232.3","4,215.7","","-0.08%"
"06/04/2021","4,229.9","4,206.0","4,233.5","4,206.0","","0.88%"
"06/03/2021","4,192.9","4,191.4","4,204.4","4,167.9","","-0.36%"
"06/02/2021","4,208.1","4,206.8","4,217.4","4,198.3","","0.14%"
"06/01/2021","4,202.0","4,216.5","4,234.1","4,197.6","","0.03%"
"05/31/2021","4,200.6","4,206.9","4,209.9","4,190.4","","-0.16%"
"05/30/2021","4,207.4","4,203.3","4,210.4","4,203.1","","0.08%"
"05/28/2021","4,204.1","4,210.8","4,218.4","4,203.6","","0.08%"
"05/27/2021","4,200.9","4,201.9","4,213.4","4,197.8","","0.12%"
"05/26/2021","4,196.0","4,191.6","4,202.6","4,184.1","","0.19%"
"05/25/2021","4,188.1","4,205.9","4,213.4","4,182.5","","-0.21%"
"05/24/2021","4,197.0","4,170.2","4,209.5","4,170.2","","0.99%"
"05/21/2021","4,155.9","4,168.6","4,188.7","4,151.7","","-0.08%"
"05/20/2021","4,159.1","4,122.0","4,172.8","4,122.0","","1.06%"
"05/19/2021","4,115.7","4,098.5","4,116.9","4,061.4","","-0.29%"
"05/18/2021","4,127.8","4,165.9","4,169.1","4,126.0","","-0.85%"
"05/17/2021","4,163.3","4,169.9","4,171.9","4,142.7","","-0.25%"
"05/14/2021","4,173.9","4,129.6","4,183.1","4,129.6","","1.49%"
"05/13/2021","4,112.5","4,075.0","4,131.6","4,075.0","","1.22%"
"05/12/2021","4,063.0","4,130.5","4,134.7","4,056.9","","-2.14%"
"05/11/2021","4,152.1","4,150.3","4,162.0","4,111.5","","-0.87%"
"05/10/2021","4,188.4","4,228.3","4,236.4","4,188.1","","-1.04%"
"05/07/2021","4,232.6","4,210.3","4,238.0","4,201.6","","0.74%"
"05/06/2021","4,201.6","4,169.1","4,202.7","4,147.3","","0.82%"
"05/05/2021","4,167.6","4,177.1","4,187.7","4,160.9","","0.07%"
"05/04/2021","4,164.7","4,179.0","4,179.0","4,128.6","","-0.67%"
"05/03/2021","4,192.7","4,192.0","4,209.4","4,188.0","","0.27%"
"04/30/2021","4,181.2","4,198.1","4,198.1","4,174.9","","-0.72%"
"04/29/2021","4,211.5","4,206.1","4,218.8","4,176.8","","0.68%"
"04/28/2021","4,183.2","4,185.1","4,201.5","4,181.8","","-0.08%"
"04/27/2021","4,186.7","4,188.3","4,193.4","4,176.2","","-0.02%"
"04/26/2021","4,187.6","4,185.0","4,194.2","4,182.4","","0.18%"
"04/23/2021","4,180.2","4,138.8","4,194.2","4,138.8","","1.09%"
"04/22/2021","4,135.0","4,170.5","4,179.6","4,123.7","","-0.92%"
"04/21/2021","4,173.4","4,128.4","4,175.0","4,126.4","","0.93%"
"04/20/2021","4,134.9","4,159.2","4,159.2","4,118.4","","-0.68%"
"04/19/2021","4,163.3","4,179.8","4,180.8","4,150.5","","-0.53%"
"04/16/2021","4,185.5","4,174.1","4,191.3","4,170.8","","0.36%"
"04/15/2021","4,170.4","4,139.8","4,173.5","4,139.8","","1.11%"
"04/14/2021","4,124.7","4,141.6","4,151.7","4,120.9","","-0.41%"
"04/13/2021","4,141.6","4,130.1","4,148.0","4,124.4","","0.33%"
"04/12/2021","4,128.0","4,124.7","4,131.8","4,114.8","","-0.02%"
"04/09/2021","4,128.8","4,096.1","4,129.5","4,095.5","","0.77%"
"04/08/2021","4,097.2","4,089.9","4,098.2","4,082.5","","0.42%"
"04/07/2021","4,079.9","4,074.3","4,083.1","4,068.3","","0.15%"
"04/06/2021","4,073.9","4,075.6","4,086.2","4,068.1","","-0.10%"
"04/05/2021","4,077.9","4,034.4","4,083.4","4,034.4","","0.25%"
"04/02/2021","4,067.8","4,014.5","4,038.0","4,012.5","","1.19%"
"04/01/2021","4,019.9","3,992.8","4,020.6","3,992.8","","1.18%"
"03/31/2021","3,972.9","3,967.3","3,994.4","3,967.0","","0.36%"
"03/30/2021","3,958.6","3,963.3","3,968.0","3,944.4","","-0.32%"
"03/29/2021","3,971.1","3,969.3","3,981.8","3,943.3","","-0.09%"
"03/26/2021","3,974.5","3,917.1","3,978.2","3,917.1","","1.66%"
"03/25/2021","3,909.5","3,879.3","3,919.5","3,853.5","","0.52%"
"03/24/2021","3,889.1","3,919.9","3,942.1","3,889.1","","-0.55%"
"03/23/2021","3,910.5","3,937.6","3,949.1","3,901.6","","-0.76%"
"03/22/2021","3,940.6","3,916.5","3,955.3","3,914.2","","0.70%"
"03/19/2021","3,913.1","3,913.1","3,930.1","3,886.8","","-0.06%"
"03/18/2021","3,915.5","3,953.5","3,969.6","3,910.9","","-1.48%"
"03/17/2021","3,974.1","3,949.6","3,983.9","3,935.7","","0.29%"
"03/16/2021","3,962.7","3,973.6","3,981.0","3,953.4","","-0.16%"
"03/15/2021","3,968.9","3,943.0","3,970.1","3,923.5","","0.65%"
"03/12/2021","3,943.3","3,924.5","3,945.0","3,915.2","","0.10%"
"03/11/2021","3,939.3","3,915.5","3,960.3","3,915.5","","1.04%"
"03/10/2021","3,898.8","3,892.0","3,917.4","3,885.7","","0.60%"
"03/09/2021","3,875.4","3,851.9","3,903.8","3,851.9","","1.42%"
"03/08/2021","3,821.4","3,844.4","3,881.1","3,819.3","","-0.54%"
"03/05/2021","3,841.9","3,793.6","3,851.7","3,730.2","","1.95%"
"03/04/2021","3,768.5","3,818.5","3,843.7","3,723.3","","-1.34%"
"03/03/2021","3,819.7","3,864.0","3,874.5","3,818.9","","-1.31%"
"03/02/2021","3,870.3","3,903.6","3,906.4","3,868.6","","-0.81%"
"03/01/2021","3,901.8","3,842.5","3,914.5","3,842.5","","2.38%"
"02/26/2021","3,811.1","3,839.7","3,861.1","3,789.5","","-0.48%"
"02/25/2021","3,829.3","3,915.8","3,925.0","3,814.0","","-2.45%"
"02/24/2021","3,925.4","3,873.7","3,928.6","3,859.6","","1.14%"
"02/23/2021","3,881.4","3,857.1","3,896.0","3,805.6","","0.13%"
"02/22/2021","3,876.5","3,885.6","3,902.9","3,874.7","","-0.77%"
"02/19/2021","3,906.7","3,921.2","3,930.4","3,903.1","","-0.19%"
"02/18/2021","3,914.0","3,915.9","3,922.0","3,885.0","","-0.44%"
"02/17/2021","3,931.3","3,918.5","3,933.6","3,900.4","","-0.03%"
"02/16/2021","3,932.6","3,939.6","3,950.4","3,923.9","","-0.37%"
"02/15/2021","3,947.4","3,936.4","3,951.9","3,935.9","","0.28%"
"02/14/2021","3,936.4","3,935.5","3,939.9","3,935.5","","0.04%"
"02/12/2021","3,934.8","3,911.6","3,937.2","3,905.8","","0.47%"
"02/11/2021","3,916.4","3,916.4","3,926.0","3,890.4","","0.17%"
"02/10/2021","3,909.9","3,920.8","3,931.5","3,884.9","","-0.03%"
"02/09/2021","3,911.2","3,910.5","3,918.4","3,902.6","","-0.11%"
"02/08/2021","3,915.6","3,892.6","3,915.8","3,892.6","","0.74%"
"02/05/2021","3,886.8","3,878.3","3,894.6","3,874.9","","0.39%"
"02/04/2021","3,871.7","3,836.7","3,872.4","3,836.7","","1.09%"
"02/03/2021","3,830.2","3,840.3","3,847.5","3,816.7","","0.10%"
"02/02/2021","3,826.3","3,791.8","3,843.1","3,791.8","","1.39%"
"02/01/2021","3,773.9","3,731.2","3,784.3","3,725.6","","1.61%"
"01/29/2021","3,714.2","3,778.1","3,778.1","3,694.1","","-1.93%"
"01/28/2021","3,787.4","3,755.8","3,830.5","3,755.8","","0.98%"
"01/27/2021","3,750.8","3,836.8","3,836.8","3,732.5","","-2.57%"
"01/26/2021","3,849.6","3,863.0","3,870.9","3,847.8","","-0.15%"
"01/25/2021","3,855.4","3,851.7","3,859.2","3,797.2","","0.36%"
"01/22/2021","3,841.5","3,844.2","3,852.3","3,830.4","","-0.30%"
"01/21/2021","3,853.1","3,857.5","3,861.4","3,845.1","","0.03%"
"01/20/2021","3,851.9","3,816.2","3,859.8","3,816.2","","1.39%"
"01/19/2021","3,798.9","3,781.9","3,804.5","3,780.4","","0.68%"
"01/18/2021","3,773.1","3,749.4","3,773.4","3,743.0","","0.62%"
"01/17/2021","3,750.0","3,745.4","3,759.9","3,745.4","","-0.48%"
"01/15/2021","3,768.3","3,788.7","3,788.7","3,749.6","","-0.72%"
"01/14/2021","3,795.5","3,815.0","3,823.6","3,792.9","","-0.38%"
"01/13/2021","3,809.8","3,802.2","3,821.0","3,791.5","","0.23%"
"01/12/2021","3,801.2","3,801.6","3,810.8","3,776.5","","0.04%"
"01/11/2021","3,799.6","3,803.1","3,817.9","3,789.0","","-0.66%"
"01/08/2021","3,824.7","3,815.1","3,826.7","3,783.6","","0.55%"
"01/07/2021","3,803.8","3,764.7","3,811.6","3,764.7","","1.48%"
"01/06/2021","3,748.1","3,712.2","3,783.0","3,705.3","","0.57%"
"01/05/2021","3,726.9","3,698.0","3,737.8","3,695.1","","0.71%"
"01/04/2021","3,700.6","3,764.6","3,770.0","3,662.7","","-1.28%"
"01/01/2021","3,748.8","3,748.8","3,748.8","3,748.8","","-0.19%"
"12/31/2020","3,756.1","3,733.3","3,760.2","3,726.9","","0.64%"
"12/30/2020","3,732.0","3,736.2","3,744.6","3,730.2","","0.13%"
"12/29/2020","3,727.0","3,750.0","3,756.1","3,723.3","","-0.22%"
"12/28/2020","3,735.4","3,723.0","3,740.5","3,723.0","","0.87%"
"12/24/2020","3,703.1","3,694.0","3,703.8","3,689.3","","0.35%"
"12/23/2020","3,690.0","3,693.4","3,711.2","3,689.3","","0.07%"
"12/22/2020","3,687.3","3,698.1","3,698.3","3,676.2","","-0.21%"
"12/21/2020","3,694.9","3,684.3","3,702.9","3,636.5","","-0.39%"
"12/18/2020","3,709.4","3,722.4","3,726.7","3,685.8","","-0.35%"
"12/17/2020","3,722.5","3,713.6","3,725.1","3,710.9","","0.58%"
"12/16/2020","3,701.2","3,696.3","3,711.3","3,688.6","","0.18%"
"12/15/2020","3,694.6","3,666.4","3,695.3","3,659.6","","1.29%"
"12/14/2020","3,647.5","3,675.3","3,697.6","3,645.8","","-0.44%"
"12/11/2020","3,663.5","3,656.1","3,665.9","3,633.4","","-0.13%"
"12/10/2020","3,668.1","3,659.1","3,678.5","3,645.2","","-0.13%"
"12/09/2020","3,672.8","3,706.0","3,712.4","3,660.5","","-0.79%"
"12/08/2020","3,702.3","3,683.1","3,708.4","3,678.8","","0.28%"
"12/07/2020","3,692.0","3,694.7","3,697.4","3,678.9","","-0.19%"
"12/04/2020","3,699.1","3,670.9","3,699.2","3,670.9","","0.88%"
"12/03/2020","3,666.7","3,668.3","3,682.7","3,657.2","","-0.06%"
"12/02/2020","3,669.0","3,653.8","3,671.0","3,644.8","","0.18%"
"12/01/2020","3,662.4","3,645.9","3,678.4","3,645.9","","1.13%"
"11/30/2020","3,621.6","3,634.2","3,634.2","3,594.4","","-0.46%"
"11/27/2020","3,638.4","3,638.6","3,644.3","3,629.3","","0.49%"
"11/26/2020","3,620.8","3,631.6","3,638.6","3,614.1","","-0.25%"
"11/25/2020","3,629.6","3,635.5","3,635.5","3,617.8","","-0.16%"
"11/24/2020","3,635.4","3,594.5","3,642.3","3,594.5","","1.62%"
"11/23/2020","3,577.6","3,566.8","3,589.8","3,552.8","","0.56%"
"11/20/2020","3,557.5","3,579.3","3,581.2","3,556.9","","-0.68%"
"11/19/2020","3,581.9","3,559.4","3,585.2","3,543.8","","0.39%"
"11/18/2020","3,567.8","3,612.1","3,619.1","3,567.3","","-1.16%"
"11/17/2020","3,609.5","3,610.3","3,623.1","3,588.7","","-0.48%"
"11/16/2020","3,626.9","3,600.2","3,628.5","3,600.2","","1.16%"
"11/13/2020","3,585.1","3,552.6","3,593.7","3,552.6","","1.36%"
"11/12/2020","3,537.0","3,562.7","3,569.0","3,518.6","","-1.00%"
"11/11/2020","3,572.7","3,563.2","3,581.2","3,557.0","","0.77%"
"11/10/2020","3,545.5","3,543.3","3,557.2","3,511.9","","-0.14%"
"11/09/2020","3,550.5","3,583.0","3,646.0","3,547.5","","1.17%"
"11/06/2020","3,509.4","3,508.3","3,521.6","3,484.3","","-0.03%"
"11/05/2020","3,510.4","3,485.7","3,529.1","3,485.7","","1.95%"
"11/04/2020","3,443.4","3,406.5","3,486.3","3,405.2","","2.20%"
"11/03/2020","3,369.2","3,336.3","3,389.5","3,336.3","","1.78%"
"11/02/2020","3,310.2","3,296.2","3,330.1","3,279.7","","1.23%"
"10/30/2020","3,270.0","3,293.6","3,304.9","3,233.9","","-1.21%"
"10/29/2020","3,310.1","3,277.2","3,341.1","3,259.8","","1.19%"
"10/28/2020","3,271.0","3,342.5","3,342.5","3,268.9","","-3.53%"
"10/27/2020","3,390.7","3,403.1","3,409.5","3,388.7","","-0.30%"
"10/26/2020","3,401.0","3,441.4","3,441.4","3,364.9","","-1.86%"
"10/23/2020","3,465.4","3,464.9","3,466.5","3,440.4","","0.34%"
"10/22/2020","3,453.5","3,438.5","3,460.5","3,415.3","","0.52%"
"10/21/2020","3,435.6","3,439.9","3,464.9","3,433.1","","-0.22%"
"10/20/2020","3,443.1","3,439.4","3,476.9","3,435.6","","0.47%"
"10/19/2020","3,426.9","3,493.7","3,502.4","3,419.9","","-1.63%"
"10/16/2020","3,483.8","3,493.5","3,515.8","3,480.4","","0.01%"
"10/15/2020","3,483.3","3,453.7","3,489.1","3,440.9","","-0.15%"
"10/14/2020","3,488.7","3,515.5","3,527.9","3,480.6","","-0.66%"
"10/13/2020","3,511.9","3,534.0","3,534.0","3,500.9","","-0.63%"
"10/12/2020","3,534.2","3,500.0","3,549.9","3,499.6","","1.64%"
"10/09/2020","3,477.1","3,459.7","3,482.3","3,458.1","","0.88%"
"10/08/2020","3,446.8","3,434.3","3,447.3","3,428.1","","0.80%"
"10/07/2020","3,419.4","3,384.6","3,426.3","3,384.6","","1.74%"
"10/06/2020","3,360.9","3,408.7","3,431.6","3,354.5","","-1.40%"
"10/05/2020","3,408.6","3,367.3","3,409.6","3,367.3","","1.80%"
"10/02/2020","3,348.4","3,338.9","3,369.1","3,323.7","","-0.96%"
"10/01/2020","3,380.8","3,385.9","3,397.2","3,361.4","","0.53%"
"09/30/2020","3,363.0","3,341.2","3,393.6","3,340.5","","0.83%"
"09/29/2020","3,335.5","3,350.9","3,357.9","3,327.5","","-0.48%"
"09/28/2020","3,351.6","3,333.9","3,360.7","3,332.9","","1.61%"
"09/25/2020","3,298.5","3,236.7","3,306.9","3,228.4","","1.60%"
"09/24/2020","3,246.6","3,226.1","3,278.7","3,209.4","","0.30%"
"09/23/2020","3,236.9","3,320.1","3,323.4","3,232.6","","-2.37%"
"09/22/2020","3,315.6","3,295.8","3,320.3","3,270.9","","1.05%"
"09/21/2020","3,281.1","3,285.6","3,285.6","3,229.1","","-1.16%"
"09/18/2020","3,319.5","3,357.4","3,362.3","3,292.4","","-1.12%"
"09/17/2020","3,357.0","3,346.9","3,375.2","3,328.8","","-0.84%"
"09/16/2020","3,385.5","3,411.2","3,428.9","3,384.4","","-0.46%"
"09/15/2020","3,401.2","3,407.7","3,419.5","3,389.3","","0.52%"
"09/14/2020","3,383.5","3,363.6","3,402.9","3,363.6","","1.27%"
"09/11/2020","3,341.0","3,352.7","3,368.9","3,310.5","","0.05%"
"09/10/2020","3,339.2","3,412.6","3,425.6","3,329.3","","-1.76%"
"09/09/2020","3,399.0","3,369.8","3,424.8","3,366.8","","2.01%"
"09/08/2020","3,331.8","3,371.9","3,380.0","3,329.3","","-3.14%"
"09/07/2020","3,439.9","3,406.0","3,443.4","3,392.3","","1.01%"
"09/06/2020","3,405.4","3,414.8","3,421.3","3,382.0","","-0.63%"
"09/04/2020","3,427.0","3,453.6","3,479.1","3,349.6","","-0.81%"
"09/03/2020","3,455.1","3,564.7","3,564.9","3,427.4","","-3.51%"
"09/02/2020","3,580.8","3,543.8","3,588.1","3,535.2","","1.54%"
"09/01/2020","3,526.6","3,507.4","3,528.0","3,494.6","","0.75%"
"08/31/2020","3,500.3","3,509.7","3,514.8","3,493.3","","-0.22%"
"08/28/2020","3,508.0","3,494.7","3,509.2","3,484.3","","0.67%"
"08/27/2020","3,484.6","3,485.1","3,501.4","3,468.4","","0.17%"
"08/26/2020","3,478.7","3,450.0","3,481.1","3,444.1","","1.02%"
"08/25/2020","3,443.6","3,435.9","3,444.2","3,425.8","","0.36%"
"08/24/2020","3,431.3","3,418.1","3,432.1","3,413.1","","1.00%"
"08/21/2020","3,397.2","3,386.0","3,400.0","3,379.3","","0.34%"
"08/20/2020","3,385.5","3,360.5","3,390.8","3,354.7","","0.32%"
"08/19/2020","3,374.9","3,392.5","3,399.5","3,369.7","","-0.44%"
"08/18/2020","3,389.8","3,387.0","3,395.1","3,370.1","","0.23%"
"08/17/2020","3,382.0","3,380.9","3,387.6","3,379.2","","0.27%"
"08/14/2020","3,372.9","3,368.7","3,378.5","3,361.6","","-0.02%"
"08/13/2020","3,373.4","3,372.9","3,387.2","3,363.4","","-0.20%"
"08/12/2020","3,380.4","3,355.5","3,387.9","3,355.5","","1.40%"
"08/11/2020","3,333.7","3,370.3","3,381.0","3,326.4","","-0.80%"
"08/10/2020","3,360.5","3,356.0","3,363.3","3,335.4","","0.27%"
"08/07/2020","3,351.3","3,340.1","3,352.5","3,328.7","","0.06%"
"08/06/2020","3,349.2","3,323.2","3,351.0","3,318.1","","0.64%"
"08/05/2020","3,327.8","3,317.4","3,330.8","3,317.4","","0.64%"
"08/04/2020","3,306.5","3,289.9","3,306.8","3,286.4","","0.36%"
"08/03/2020","3,294.6","3,288.3","3,302.7","3,284.5","","0.72%"
"07/31/2020","3,271.1","3,270.4","3,272.2","3,220.3","","0.77%"
"07/30/2020","3,246.2","3,231.8","3,250.9","3,204.1","","-0.38%"
"07/29/2020","3,258.4","3,227.2","3,264.7","3,227.2","","1.24%"
"07/28/2020","3,218.4","3,234.3","3,243.7","3,216.2","","-0.65%"
"07/27/2020","3,239.4","3,219.8","3,241.4","3,214.3","","0.74%"
"07/24/2020","3,215.6","3,218.6","3,227.3","3,200.1","","-0.62%"
"07/23/2020","3,235.7","3,271.6","3,280.0","3,222.7","","-1.23%"
"07/22/2020","3,276.0","3,254.9","3,279.3","3,253.1","","0.57%"
"07/21/2020","3,257.3","3,268.5","3,277.3","3,247.8","","0.17%"
"07/20/2020","3,251.8","3,224.3","3,258.6","3,215.2","","0.84%"
"07/17/2020","3,224.7","3,224.2","3,233.5","3,205.6","","0.28%"
"07/16/2020","3,215.6","3,208.4","3,220.4","3,198.6","","-0.34%"
"07/15/2020","3,226.6","3,226.0","3,238.3","3,200.8","","0.91%"
"07/14/2020","3,197.5","3,141.1","3,200.9","3,127.7","","1.34%"
"07/13/2020","3,155.2","3,205.1","3,235.3","3,149.4","","-0.94%"
"07/10/2020","3,185.0","3,152.5","3,186.8","3,136.2","","1.05%"
"07/09/2020","3,152.1","3,176.2","3,179.8","3,115.7","","-0.56%"
"07/08/2020","3,169.9","3,153.1","3,171.8","3,136.5","","0.78%"
"07/07/2020","3,145.3","3,166.4","3,184.1","3,142.9","","-1.08%"
"07/06/2020","3,179.7","3,155.3","3,182.6","3,155.3","","2.06%"
"07/03/2020","3,115.6","3,126.6","3,138.6","3,105.8","","-0.46%"
"07/02/2020","3,130.0","3,143.6","3,165.8","3,124.5","","0.45%"
"07/01/2020","3,115.9","3,105.9","3,128.4","3,101.2","","0.50%"
"06/30/2020","3,100.3","3,050.2","3,111.5","3,047.8","","1.54%"
"06/29/2020","3,053.2","3,018.6","3,053.9","2,999.7","","1.47%"
"06/26/2020","3,009.1","3,073.2","3,073.7","3,004.6","","-2.42%"
"06/25/2020","3,083.8","3,046.6","3,086.3","3,024.0","","1.10%"
"06/24/2020","3,050.3","3,114.4","3,115.0","3,032.1","","-2.59%"
"06/23/2020","3,131.3","3,138.7","3,154.9","3,127.1","","0.43%"
"06/22/2020","3,117.9","3,094.4","3,120.9","3,079.4","","0.65%"
"06/19/2020","3,097.7","3,140.3","3,155.5","3,083.1","","-0.56%"
"06/18/2020","3,115.3","3,101.6","3,120.0","3,093.5","","0.06%"
"06/17/2020","3,113.5","3,136.1","3,141.2","3,108.0","","-0.36%"
"06/16/2020","3,124.7","3,131.0","3,153.4","3,076.1","","1.90%"
"06/15/2020","3,066.6","2,993.8","3,079.8","2,965.7","","0.83%"
"06/12/2020","3,041.3","3,071.0","3,088.4","2,984.5","","1.31%"
"06/11/2020","3,002.1","3,123.5","3,123.5","2,999.5","","-5.89%"
"06/10/2020","3,190.1","3,213.4","3,223.3","3,181.5","","-0.53%"
"06/09/2020","3,207.2","3,213.3","3,222.7","3,193.1","","-0.78%"
"06/08/2020","3,232.4","3,199.9","3,233.1","3,196.0","","1.20%"
"06/05/2020","3,193.9","3,163.8","3,211.7","3,163.8","","2.62%"
"06/04/2020","3,112.4","3,111.6","3,128.9","3,090.4","","-0.34%"
"06/03/2020","3,122.9","3,098.9","3,130.9","3,098.9","","1.36%"
"06/02/2020","3,080.8","3,064.8","3,081.1","3,051.6","","0.82%"
"06/01/2020","3,055.7","3,038.8","3,062.2","3,031.5","","0.38%"
"05/29/2020","3,044.3","3,025.2","3,049.2","2,998.6","","0.48%"
"05/28/2020","3,029.7","3,046.6","3,068.7","3,023.4","","-0.21%"
"05/27/2020","3,036.1","3,015.6","3,036.3","2,969.8","","1.48%"
"05/26/2020","2,991.8","3,004.1","3,021.7","2,988.2","","0.32%"
"05/25/2020","2,982.1","2,967.4","2,989.9","2,954.4","","0.51%"
"05/24/2020","2,967.1","2,947.9","2,968.6","2,947.9","","0.39%"
"05/22/2020","2,955.4","2,948.1","2,956.8","2,933.6","","0.24%"
"05/21/2020","2,948.5","2,969.9","2,978.5","2,938.6","","-0.78%"
"05/20/2020","2,971.6","2,953.6","2,980.3","2,953.6","","1.67%"
"05/19/2020","2,922.9","2,948.6","2,964.2","2,922.4","","-1.05%"
"05/18/2020","2,953.9","2,913.9","2,968.1","2,913.9","","3.15%"
"05/15/2020","2,863.7","2,829.9","2,865.0","2,816.8","","0.39%"
"05/14/2020","2,852.5","2,794.5","2,852.8","2,766.6","","1.15%"
"05/13/2020","2,820.0","2,865.9","2,874.1","2,793.1","","-1.75%"
"05/12/2020","2,870.1","2,939.5","2,945.8","2,869.6","","-2.05%"
"05/11/2020","2,930.3","2,915.5","2,944.3","2,903.4","","0.02%"
"05/08/2020","2,929.8","2,908.8","2,932.2","2,902.9","","1.69%"
"05/07/2020","2,881.2","2,878.3","2,901.9","2,876.5","","1.15%"
"05/06/2020","2,848.4","2,883.1","2,891.1","2,847.6","","-0.70%"
"05/05/2020","2,868.4","2,868.9","2,898.2","2,863.6","","0.90%"
"05/04/2020","2,842.7","2,815.0","2,844.2","2,797.9","","0.42%"
"05/01/2020","2,830.7","2,869.1","2,869.1","2,821.6","","-2.81%"
"04/30/2020","2,912.4","2,930.9","2,930.9","2,892.5","","-0.92%"
"04/29/2020","2,939.5","2,918.5","2,954.9","2,912.2","","2.66%"
"04/28/2020","2,863.4","2,910.0","2,921.1","2,860.7","","-0.52%"
"04/27/2020","2,878.5","2,854.6","2,887.7","2,852.9","","1.47%"
"04/24/2020","2,836.7","2,812.6","2,842.7","2,791.8","","1.39%"
"04/23/2020","2,797.8","2,810.4","2,844.9","2,794.3","","-0.05%"
"04/22/2020","2,799.3","2,787.9","2,815.1","2,775.9","","2.29%"
"04/21/2020","2,736.6","2,784.8","2,785.5","2,727.1","","-3.07%"
"04/20/2020","2,823.2","2,845.6","2,869.0","2,820.4","","-1.79%"
"04/17/2020","2,874.6","2,842.4","2,879.2","2,830.9","","2.68%"
"04/16/2020","2,799.6","2,799.3","2,806.5","2,764.3","","0.58%"
"04/15/2020","2,783.4","2,795.6","2,801.9","2,761.5","","-2.20%"
"04/14/2020","2,846.1","2,805.1","2,851.9","2,805.1","","3.06%"
"04/13/2020","2,761.6","2,782.5","2,782.5","2,721.2","","-0.92%"
"04/10/2020","2,787.3","2,787.3","2,787.3","2,787.3","","-0.09%"
"04/09/2020","2,789.8","2,777.0","2,818.6","2,762.4","","1.45%"
"04/08/2020","2,750.0","2,685.0","2,760.8","2,663.3","","3.41%"
"04/07/2020","2,659.4","2,738.6","2,756.9","2,657.7","","-0.16%"
"04/06/2020","2,663.7","2,578.3","2,676.9","2,574.6","","7.03%"
"04/03/2020","2,488.6","2,514.9","2,538.2","2,460.0","","-1.51%"
"04/02/2020","2,526.9","2,458.5","2,533.2","2,455.8","","2.28%"
"04/01/2020","2,470.5","2,498.1","2,522.8","2,447.5","","-4.41%"
"03/31/2020","2,584.6","2,614.7","2,641.4","2,571.1","","-1.60%"
"03/30/2020","2,626.6","2,559.0","2,631.8","2,545.3","","3.35%"
"03/27/2020","2,541.5","2,555.9","2,615.9","2,520.0","","-3.37%"
"03/26/2020","2,630.1","2,501.3","2,637.0","2,500.7","","6.24%"
"03/25/2020","2,475.6","2,457.8","2,571.4","2,407.5","","1.15%"
"03/24/2020","2,447.3","2,344.4","2,449.7","2,344.4","","9.38%"
"03/23/2020","2,237.4","2,290.7","2,300.7","2,191.9","","-2.93%"
"03/20/2020","2,304.9","2,431.9","2,453.0","2,295.6","","-4.34%"
"03/19/2020","2,409.4","2,393.5","2,467.0","2,319.8","","0.47%"
"03/18/2020","2,398.1","2,436.5","2,453.6","2,280.5","","-5.18%"
"03/17/2020","2,529.2","2,425.7","2,553.9","2,367.0","","6.00%"
"03/16/2020","2,386.1","2,508.6","2,563.0","2,380.9","","-11.98%"
"03/13/2020","2,711.0","2,570.0","2,711.3","2,492.4","","9.29%"
"03/12/2020","2,480.6","2,630.9","2,660.9","2,478.9","","-9.51%"
"03/11/2020","2,741.4","2,825.6","2,825.6","2,707.2","","-4.89%"
"03/10/2020","2,882.2","2,813.5","2,882.6","2,734.0","","4.94%"
"03/09/2020","2,746.6","2,863.9","2,863.9","2,734.4","","-7.60%"
"03/06/2020","2,972.4","2,954.2","2,985.9","2,901.5","","-1.71%"
"03/05/2020","3,023.9","3,075.7","3,083.0","2,999.8","","-3.39%"
"03/04/2020","3,130.1","3,045.8","3,131.0","3,034.4","","4.22%"
"03/03/2020","3,003.4","3,096.5","3,136.7","2,976.6","","-2.81%"
"03/02/2020","3,090.2","2,974.3","3,091.0","2,945.2","","4.60%"