code,name,code1,blue
2,KOTRA INDUSTRIES BERHAD,0002.KL,5398
8,WILLOWGLEN MSC BERHAD,0008.KL,4863
12,THREE-A RESOURCES BERHAD,0012.KL,3182
21,GHL SYSTEMS BERHAD,0021.KL,5014
29,DIGISTAR CORPORATION BERHAD,0029.KL,1015
37,RGB INTERNATIONAL BHD,0037.KL,5210
41,PANPAGES BERHAD,0041.KL,6399
43,METRONIC GLOBAL BERHAD,0043.KL,6888
47,PERISAI PETROLEUM TEKNOLOGI BHD,0047.KL,4162
49,OCEANCASH PACIFIC BERHAD,0049.KL,5258
51,CUSCAPI BERHAD,0051.KL,3395
54,KARYON INDUSTRIES BERHAD,0054.KL,1818
56,GRAND-FLO BERHAD,0056.KL,5099
58,JCBNEXT BERHAD,0058.KL,2836
59,ECOBUILT HOLDINGS BERHAD,0059.KL,1023
64,EFFICIENT E-SOLUTIONS BERHAD,0064.KL,5180
65,EXCEL FORCE MSC BERHAD,0065.KL,2852
78,GD EXPRESS CARRIER BERHAD,0078.KL,5071
82,GREEN PACKET BERHAD,0082.KL,5141
83,NOTION VTEC BERHAD,0083.KL,7277
90,ELSOFT RESEARCH BERHAD,0090.KL,6947
91,DAYA MATERIALS BERHAD,0091.KL,1619
97,VITROX CORPORATION BERHAD,0097.KL,5216
99,SCICOM (MSC) BERHAD,0099.KL,3417
101,TMC LIFE SCIENCES BERHAD,0101.KL,5222
113,MMS VENTURES BERHAD,0113.KL,5238
118,TRIVE PROPERTY GROUP BERHAD,0118.KL,5209
128,FRONTKEN CORPORATION BERHAD,0128.KL,4715
136,GREENYIELD BERHAD,0136.KL,5139
138,MY E.G. SERVICES BERHAD,0138.KL,3034
143,KEY ASIC BERHAD,0143.KL,5168
149,FIBON BERHAD,0149.KL,5819
151,KELINGTON GROUP BERHAD,0151.KL,5274
159,ASIA MEDIA GROUP BERHAD,0159.KL,1082
166,INARI AMERTRON BERHAD,0166.KL,5227
168,BOILERMECH HOLDINGS BERHAD,0168.KL,5225
172,OCK GROUP BERHAD,0172.KL,3336
183,SALUTICA BERHAD,0183.KL,1961
185,HSS ENGINEERS BERHAD,0185.KL,5249
186,PERAK TRANSIT BERHAD,0186.KL,4383
192,INTA BINA GROUP BERHAD,0192.KL,2445
1007,AMCORP PROPERTIES BERHAD,1007.KL,7153
1015,AMMB HOLDINGS BERHAD,1015.KL,5878
1023,CIMB GROUP HOLDINGS BERHAD,1023.KL,3476
1058,MANULIFE HOLDINGS BERHAD,1058.KL,3859
1066,RHB BANK BERHAD,1066.KL,8583
1082,HONG LEONG FINANCIAL GROUP BERHAD,1082.KL,6012
1147,GLOBAL ORIENTAL BERHAD,1147.KL,1155
1155,MALAYAN BANKING BERHAD,1155.KL,5077
1163,ALLIANZ MALAYSIA BERHAD,1163.KL,1171
1171,MALAYSIA BUILDING SOCIETY BERHAD,1171.KL,3794
1198,MAA GROUP BERHAD,1198.KL,4502
1201,SUMATEC RESOURCES BERHAD,1201.KL,5090
1287,PAN MALAYSIA HOLDINGS BERHAD,1287.KL,5186
1295,PUBLIC BANK BERHAD,1295.KL,3816
1368,UEM EDGENTA BERHAD,1368.KL,1651
1481,ADVANCE SYNERGY BERHAD,1481.KL,5085
1503,GUOCOLAND (MALAYSIA) BERHAD,1503.KL,5053
1538,SYMPHONY LIFE BERHAD,1538.KL,5657
1562,BERJAYA SPORTS TOTO BERHAD,1562.KL,5212
1589,ISKANDAR WATERFRONT CITY BERHAD,1589.KL,1295
1619,DRB-HICOM BERHAD,1619.KL,5186
1643,LANDMARKS BERHAD,1643.KL,5681
1651,MALAYSIAN RESOURCES CORPORATION BERHAD,1651.KL,6033
1694,MENANG CORPORATION (M) BERHAD,1694.KL,4634
1724,PARAMOUNT CORPORATION BERHAD,1724.KL,4065
1783,SELANGOR PROPERTIES BERHAD,1783.KL,7084
1818,BURSA MALAYSIA BERHAD,1818.KL,1066
1899,BATU KAWAN BERHAD,1899.KL,5218
1902,PINEHILL PACIFIC BERHAD,1902.KL,4197
1929,CHIN TECK PLANTATIONS BERHAD,1929.KL,8664
1961,IOI CORPORATION BERHAD,1961.KL,1562
1996,KRETAM HOLDINGS BERHAD,1996.KL,5211
2038,NEGRI SEMBILAN OIL PALMS BERHAD,2038.KL,7106
2054,TDM BERHAD,2054.KL,5012
2062,HARBOUR-LINK GROUP BERHAD,2062.KL,2054
2089,UNITED PLANTATIONS BERHAD,2089.KL,5347
2097,EASTLAND EQUITY BHD,2097.KL,5031
2127,COMFORT GLOVES BERHAD,2127.KL,2488
2135,GOPENG BERHAD,2135.KL,7113
2143,ECM LIBRA FINANCIAL GROUP BERHAD,2143.KL,5401
2186,KUCHAI DEVELOPMENT BERHAD,2186.KL,9059
2194,MMC CORPORATION BERHAD,2194.KL,5148
2216,IJM PLANTATIONS BERHAD,2216.KL,4588
2224,SELANGOR DREDGING BERHAD,2224.KL,5200
2259,TALAM TRANSFORM BERHAD,2259.KL,5243
2283,ZELAN BERHAD,2283.KL,9679
2291,GENTING PLANTATIONS BERHAD,2291.KL,5246
2305,AYER HOLDINGS BERHAD,2305.KL,7293
2429,TANCO HOLDINGS BERHAD,2429.KL,4677
2445,KUALA LUMPUR KEPONG BERHAD,2445.KL,6742
2488,ALLIANCE BANK MALAYSIA BERHAD,2488.KL,
2542,RIVERVIEW RUBBER ESTATES BERHAD,2542.KL,
2569,SUNGEI BAGAN RUBBER COMPANY (MALAYA) BERHAD,2569.KL,
2577,YTL LAND & DEVELOPMENT BERHAD,2577.KL,
2593,UNITED MALACCA BERHAD,2593.KL,
2607,INCH KENNETH KAJANG RUBBER PUBLIC LTD CO,2607.KL,
2658,AJINOMOTO (MALAYSIA) BERHAD,2658.KL,
2674,ALCOM GROUP BERHAD,2674.KL,
2682,AMALGAMATED INDUSTRIAL STEEL BERHAD,2682.KL,
2739,SINO HUA-AN INTERNATIONAL BERHAD,2739.KL,
2755,FCW HOLDINGS BERHAD,2755.KL,
2771,BOUSTEAD HOLDINGS BERHAD,2771.KL,
2828,C.I. HOLDINGS BERHAD,2828.KL,
2836,CARLSBERG BREWERY MALAYSIA BERHAD,2836.KL,
2852,CAHYA MATA SARAWAK BERHAD,2852.KL,
2879,CHEMICAL COMPANY OF MALAYSIA BERHAD,2879.KL,
2925,CYCLE & CARRIAGE BINTANG BERHAD,2925.KL,
2984,FACB INDUSTRIES INCORPORATED BERHAD,2984.KL,
3018,OLYMPIA INDUSTRIES BERHAD,3018.KL,
3026,DUTCH LADY MILK INDUSTRIES BERHAD,3026.KL,
3034,HAP SENG CONSOLIDATED BERHAD,3034.KL,
3042,PETRON MALAYSIA REFINING & MARKETING BHD,3042.KL,
3069,MEGA FIRST CORPORATION BERHAD,3069.KL,
3107,FIMA CORPORATION BERHAD,3107.KL,
3115,KARAMBUNAI CORP BHD,3115.KL,
3158,YNH PROPERTY BERHAD,3158.KL,
3174,LAND & GENERAL BERHAD,3174.KL,
3182,GENTING BERHAD,3182.KL,
3204,GEORGE KENT (MALAYSIA) BERHAD,3204.KL,
3239,BERJAYA ASSETS BERHAD,3239.KL,
3247,GUH HOLDINGS BERHAD,3247.KL,
3255,HEINEKEN MALAYSIA BERHAD,3255.KL,
3298,HEXZA CORPORATION BERHAD,3298.KL,
3301,HONG LEONG INDUSTRIES BERHAD,3301.KL,
3336,IJM CORPORATION BERHAD,3336.KL,
3379,INSAS BERHAD,3379.KL,
3395,BERJAYA CORPORATION BERHAD,3395.KL,
3417,EASTERN & ORIENTAL BERHAD,3417.KL,
3441,JOHAN HOLDINGS BERHAD,3441.KL,
3476,KECK SENG (MALAYSIA) BERHAD,3476.KL,
3484,DAMANSARA REALTY BHD,3484.KL,
3514,MARCO HOLDINGS BERHAD,3514.KL,
3522,KIAN JOO CAN FACTORY BERHAD,3522.KL,
3557,ECOFIRST CONSOLIDATED BHD,3557.KL,
3565,WCE HOLDINGS BERHAD,3565.KL,
3573,LIEN HOE CORPORATION BERHAD,3573.KL,
3611,PARAGON GLOBE BERHAD,3611.KL,
3662,MALAYAN FLOUR MILLS BERHAD,3662.KL,
3689,FRASER & NEAVE HOLDINGS BHD,3689.KL,
3719,PANASONIC MANUFACTURING MALAYSIA BERHAD,3719.KL,
3743,SUNSURIA BERHAD,3743.KL,
3778,MELEWAR INDUSTRIAL GROUP BERHAD,3778.KL,
3794,LAFARGE MALAYSIA BERHAD,3794.KL,
3816,MISC BERHAD,3816.KL,
3859,MAGNUM BERHAD,3859.KL,
3867,MALAYSIAN PACIFIC INDUSTRIES BERHAD,3867.KL,
3883,MUDA HOLDINGS BERHAD,3883.KL,
3891,MALAYAN UNITED INDUSTRIES BERHAD,3891.KL,
3905,MULPHA INTERNATIONAL BERHAD,3905.KL,
3913,MUI PROPERTIES BERHAD,3913.KL,
3948,DUTALAND BERHAD,3948.KL,
4006,ORIENTAL HOLDINGS BERHAD,4006.KL,
4022,TADMAX RESOURCES BERHAD,4022.KL,
4057,ASIAN PAC HOLDINGS BERHAD,4057.KL,
4065,PPB GROUP BERHAD,4065.KL,
4081,PAN MALAYSIA CORPORATION BERHAD,4081.KL,
4162,BRITISH AMERICAN TOBACCO (MALAYSIA) BERHAD,4162.KL,
4197,SIME DARBY BERHAD,4197.KL,
4219,BERJAYA LAND BERHAD,4219.KL,
4235,LION INDUSTRIES CORPORATION BERHAD,4235.KL,
4243,WTK HOLDINGS BERHAD,4243.KL,
4251,I-BERHAD,4251.KL,
4286,SEAL INCORPORATED BERHAD,4286.KL,
4316,SIN HENG CHAN (MALAYA) BERHAD,4316.KL,
4324,HENGYUAN REFINING COMPANY BERHAD,4324.KL,
4359,TURIYA BERHAD,4359.KL,
4375,SOUTH MALAYSIA INDUSTRIES BERHAD,4375.KL,
4383,JAYA TIASA HOLDINGS BHD,4383.KL,
4405,TAN CHONG MOTOR HOLDINGS BERHAD,4405.KL,
4448,TASEK CORPORATION BERHAD,4448.KL,
4456,DAGANG NEXCHANGE BERHAD,4456.KL,
4464,PEGASUS HEIGHTS BERHAD,4464.KL,
4502,MEDIA PRIMA BERHAD,4502.KL,
4588,UMW HOLDINGS BERHAD,4588.KL,
4596,SAPURA RESOURCES BERHAD,4596.KL,
4634,POS MALAYSIA BERHAD,4634.KL,
4677,YTL CORPORATION BERHAD,4677.KL,
4707,NESTLE (MALAYSIA) BERHAD,4707.KL,
4715,GENTING MALAYSIA BERHAD,4715.KL,
4723,JAKS RESOURCES BERHAD,4723.KL,
4731,SCIENTEX BERHAD,4731.KL,
4758,ANCOM BERHAD,4758.KL,
4847,KONSORTIUM TRANSNASIONAL BERHAD,4847.KL,
4863,TELEKOM MALAYSIA BERHAD,4863.KL,
4898,TA ENTERPRISE BERHAD,4898.KL,
4936,MALPAC HOLDINGS BERHAD,4936.KL,
4944,NYLEX (MALAYSIA) BERHAD,4944.KL,
4952,AMANAH HARTA TANAH PNB,4952.KL,
4995,VERSATILE CREATIVE BERHAD,4995.KL,
5000,HUME INDUSTRIES BERHAD,5000.KL,
5001,MIECO CHIPBOARD BERHAD,5001.KL,
5005,UNISEM (M) BERHAD,5005.KL,
5006,MERGE ENERGY BHD,5006.KL,
5007,CHIN WELL HOLDINGS BERHAD,5007.KL,
5008,HARRISONS HOLDINGS (MALAYSIA) BERHAD,5008.KL,
5009,WHITE HORSE BERHAD,5009.KL,
5010,TONG HERR RESOURCES BERHAD,5010.KL,
5011,MESINIAGA BERHAD,5011.KL,
5012,TA ANN HOLDINGS BERHAD,5012.KL,
5014,MALAYSIA AIRPORTS HOLDINGS BERHAD,5014.KL,
5015,APM AUTOMOTIVE HOLDINGS BERHAD,5015.KL,
5016,WARISAN TC HOLDINGS BERHAD,5016.KL,
5020,GLOMAC BERHAD,5020.KL,
5021,AYS VENTURES BERHAD,5021.KL,
5022,PAOS HOLDINGS BERHAD,5022.KL,
5024,HUP SENG INDUSTRIES BERHAD,5024.KL,
5025,NWP HOLDINGS BERHAD,5025.KL,
5026,MHC PLANTATIONS BHD,5026.KL,
5027,KIM LOONG RESOURCES BERHAD,5027.KL,
5028,HEITECH PADU BERHAD,5028.KL,
5029,FAR EAST HOLDINGS BERHAD,5029.KL,
5031,TIME DOTCOM BERHAD,5031.KL,
5032,BINTULU PORT HOLDINGS BERHAD,5032.KL,
5035,KNUSFORD BERHAD,5035.KL,
5036,EDARAN BERHAD,5036.KL,
5037,COMPUGATES HOLDINGS BERHAD,5037.KL,
5038,KSL HOLDINGS BERHAD,5038.KL,
5040,MEDA INC. BERHAD,5040.KL,
5041,PBA HOLDINGS BHD,5041.KL,
5042,TSR CAPITAL BERHAD,5042.KL,
5047,NPC RESOURCES BERHAD,5047.KL,
5048,YI-LAI BERHAD,5048.KL,
5049,COUNTRY VIEW BERHAD,5049.KL,
5053,OSK HOLDINGS BERHAD,5053.KL,
5054,TRC SYNERGY BERHAD,5054.KL,
5056,ENGTEX GROUP BERHAD,5056.KL,
5060,KINSTEEL BHD,5060.KL,
5062,HUA YANG BERHAD,5062.KL,
5065,ORNAPAPER BERHAD,5065.KL,
5066,NTPM HOLDINGS BERHAD,5066.KL,
5068,LUSTER INDUSTRIES BHD.,5068.KL,
5069,BLD PLANTATION BHD.,5069.KL,
5070,PROTASCO BERHAD,5070.KL,
5071,COASTAL CONTRACTS BHD,5071.KL,
5072,HIAP TECK VENTURE BERHAD,5072.KL,
5073,NAIM HOLDINGS BERHAD,5073.KL,
5075,PLENITUDE BERHAD,5075.KL,
5077,MALAYSIAN BULK CARRIERS BERHAD,5077.KL,
5078,MARINE & GENERAL BERHAD,5078.KL,
5079,GETS GLOBAL BERHAD,5079.KL,
5080,POH KONG HOLDINGS BERHAD,5080.KL,
5081,ESTHETICS INTERNATIONAL GROUP BERHAD,5081.KL,
5082,CYMAO HOLDINGS BERHAD,5082.KL,
5084,IBRACO BERHAD,5084.KL,
5085,MUDAJAYA GROUP BERHAD,5085.KL,
5087,MYCRON STEEL BERHAD,5087.KL,
5088,APEX EQUITY HOLDINGS BERHAD,5088.KL,
5090,MEDIA CHINESE INTERNATIONAL LIMITED,5090.KL,
5094,CSC STEEL HOLDINGS BERHAD,5094.KL,
5095,HEVEABOARD BERHAD,5095.KL,
5098,MALAYSIA STEEL WORKS (KL) BHD,5098.KL,
5099,AIRASIA GROUP BERHAD,5099.KL,
5100,BP PLASTICS HOLDING BHD,5100.KL,
5101,EVERGREEN FIBREBOARD BERHAD,5101.KL,
5102,GUAN CHONG BERHAD,5102.KL,
5104,CNI HOLDINGS BERHAD,5104.KL,
5105,CAN-ONE BERHAD,5105.KL,
5106,AXIS REAL ESTATE INVESTMENT TRUST,5106.KL,
5107,IQ GROUP HOLDINGS BERHAD,5107.KL,
5108,ICAPITAL.BIZ BERHAD,5108.KL,
5109,YTL HOSPITALITY REIT,5109.KL,
5110,UOA REAL ESTATE INVESTMENT TRUST,5110.KL,
5111,TOWER REAL ESTATE INVESTMENT TRUST,5111.KL,
5112,TH PLANTATIONS BERHAD,5112.KL,
5113,RIMBUNAN SAWIT BERHAD,5113.KL,
5115,ALAM MARITIM RESOURCES BERHAD,5115.KL,
5116,AL-`AQAR HEALTHCARE REIT,5116.KL,
5120,AMFIRST REAL ESTATE INVESTMENT TRUST,5120.KL,
5121,HEKTAR REAL ESTATE INVESTMENT TRUST,5121.KL,
5123,MRCB-QUILL REIT,5123.KL,
5125,PANTECH GROUP HOLDINGS BERHAD,5125.KL,
5126,SARAWAK OIL PALMS BERHAD,5126.KL,
5127,AMANAHRAYA REAL ESTATE INVESTMENT TRUST,5127.KL,
5129,MELATI EHSAN HOLDINGS BERHAD,5129.KL,
5130,ATRIUM REAL ESTATE INVESTMENT TRUST,5130.KL,
5131,ZHULIAN CORPORATION BERHAD,5131.KL,
5132,DELEUM BERHAD,5132.KL,
5133,PETRA ENERGY BERHAD,5133.KL,
5134,SOUTHERN ACIDS (M) BERHAD,5134.KL,
5135,SARAWAK PLANTATION BERHAD,5135.KL,
5136,COMPLETE LOGISTIC SERVICES BERHAD,5136.KL,
5138,HAP SENG PLANTATIONS HOLDINGS BERHAD,5138.KL,
5139,AEON CREDIT SERVICE (M) BERHAD,5139.KL,
5140,TASCO BERHAD,5140.KL,
5141,DAYANG ENTERPRISE HOLDINGS BERHAD,5141.KL,
5142,WAH SEONG CORPORATION BERHAD,5142.KL,
5143,LUXCHEM CORPORATION BERHAD,5143.KL,
5145,SEALINK INTERNATIONAL BERHAD,5145.KL,
5147,SAMCHEM HOLDINGS BERHAD,5147.KL,
5148,UEM SUNRISE BERHAD,5148.KL,
5149,TAS OFFSHORE BERHAD,5149.KL,
5150,MULTI SPORTS HOLDINGS LTD,5150.KL,
5151,HALEX HOLDINGS BERHAD,5151.KL,
5152,MUAR BAN LEE GROUP BERHAD,5152.KL,
5155,XINGQUAN INTERNATIONAL SPORTS HOLDINGS LIMITED,5155.KL,
5156,XIDELANG HOLDINGS LTD,5156.KL,
5157,SAUDEE GROUP BERHAD,5157.KL,
5158,TA GLOBAL BERHAD,5158.KL,
5159,YOONG ONN CORPORATION BERHAD,5159.KL,
5160,HOMERITZ CORPORATION BERHAD,5160.KL,
5161,JCY INTERNATIONAL BERHAD,5161.KL,
5162,VSTECS BERHAD,5162.KL,
5163,SEREMBAN ENGINEERING BERHAD,5163.KL,
5165,HOCK HENG STONE INDUSTRIES BHD,5165.KL,
5166,MINDA GLOBAL BERHAD,5166.KL,
5167,TURBO-MECH BERHAD,5167.KL,
5168,HARTALEGA HOLDINGS BERHAD,5168.KL,
5169,HO HUP CONSTRUCTION COMPANY BHD,5169.KL,
5170,SARAWAK CABLE BERHAD,5170.KL,
5171,KIMLUN CORPORATION BERHAD,5171.KL,
5172,K-STAR SPORTS LIMITED,5172.KL,
5173,SHIN YANG SHIPPING CORPORATION BERHAD,5173.KL,
5175,IVORY PROPERTIES GROUP BERHAD,5175.KL,
5176,SUNWAY REAL ESTATE INVESTMENT TRUST,5176.KL,
5178,DYNACIATE GROUP BERHAD,5178.KL,
5180,CAPITALAND MALAYSIA MALL TRUST,5180.KL,
5181,SIG GASES BERHAD,5181.KL,
5182,MCT BERHAD,5182.KL,
5183,PETRONAS CHEMICALS GROUP BERHAD,5183.KL,
5184,CYPARK RESOURCES BERHAD,5184.KL,
5185,AFFIN BANK BERHAD,5185.KL,
5186,MALAYSIA MARINE AND HEAVY ENGINEERING HOLDINGS BERHAD,5186.KL,
5187,HB GLOBAL LIMITED,5187.KL,
5188,CHINA OUHUA WINERY HOLDINGS LIMITED,5188.KL,
5189,MAXWELL INTERNATIONAL HOLDINGS BERHAD,5189.KL,
5190,BENALEC HOLDINGS BERHAD,5190.KL,
5191,TAMBUN INDAH LAND BERHAD,5191.KL,
5192,K.SENG SENG CORPORATION BERHAD,5192.KL,
5194,APFT BERHAD,5194.KL,
5195,CENSOF HOLDINGS BERHAD,5195.KL,
5196,BERJAYA FOOD BERHAD,5196.KL,
5197,FOCUS LUMBER BERHAD,5197.KL,
5198,ABM FUJIYA BERHAD,5198.KL,
5199,HIBISCUS PETROLEUM BERHAD,5199.KL,
5200,UOA DEVELOPMENT BHD,5200.KL,
5202,MSM MALAYSIA HOLDINGS BERHAD,5202.KL,
5204,PRESTARIANG BERHAD,5204.KL,
5205,EVERSENDAI CORPORATION BERHAD,5205.KL,
5207,SBC CORPORATION BERHAD,5207.KL,
5208,EITA RESOURCES BERHAD,5208.KL,
5209,GAS MALAYSIA BERHAD,5209.KL,
5210,BUMI ARMADA BERHAD,5210.KL,
5211,SUNWAY BERHAD,5211.KL,
5212,PAVILION REAL ESTATE INVESTMENT TRUST,5212.KL,
5213,SENTORIA GROUP BERHAD,5213.KL,
5214,CHINA STATIONERY LIMITED,5214.KL,
5216,DATASONIC GROUP BERHAD,5216.KL,
5218,SAPURA ENERGY BERHAD,5218.KL,
5219,PESTECH INTERNATIONAL BERHAD,5219.KL,
5220,GLOBALTEC FORMATION BERHAD,5220.KL,
5222,FGV HOLDINGS BERHAD,5222.KL,
5223,MENTIGA CORPORATION BERHAD,5223.KL,
5225,IHH HEALTHCARE BERHAD,5225.KL,
5226,GABUNGAN AQRS BERHAD,5226.KL,
5227,IGB REAL ESTATE INVESTMENT TRUST,5227.KL,
5228,ELK-DESA RESOURCES BERHAD,5228.KL,
5229,CHINA AUTOMOBILE PARTS HOLDINGS LIMITED,5229.KL,
5230,TUNE PROTECT GROUP BERHAD,5230.KL,
5231,PELIKAN INTERNATIONAL CORPORATION BERHAD,5231.KL,
5232,LEON FUAT BERHAD,5232.KL,
5236,MATRIX CONCEPTS HOLDINGS BERHAD,5236.KL,
5237,MPHB CAPITAL BERHAD,5237.KL,
5238,AIRASIA X BERHAD,5238.KL,
5239,TITIJAYA LAND BERHAD,5239.KL,
5242,SOLID AUTOMOTIVE BERHAD,5242.KL,
5243,VELESTO ENERGY BERHAD,5243.KL,
5245,CARING PHARMACY GROUP BERHAD,5245.KL,
5246,WESTPORTS HOLDINGS BERHAD,5246.KL,
5247,KAREX BERHAD,5247.KL,
5248,BERMAZ AUTO BERHAD,5248.KL,
5249,IOI PROPERTIES GROUP BERHAD,5249.KL,
5250,7-ELEVEN MALAYSIA HOLDINGS BERHAD,5250.KL,
5252,SASBADI HOLDINGS BERHAD,5252.KL,
5253,ECONPILE HOLDINGS BERHAD,5253.KL,
5254,BOUSTEAD PLANTATIONS BERHAD,5254.KL,
5255,ICON OFFSHORE BERHAD,5255.KL,
5256,REACH ENERGY BERHAD,5256.KL,
5257,CARIMIN PETROLEUM BERHAD,5257.KL,
5258,BIMB HOLDINGS BERHAD,5258.KL,
5259,E.A.TECHNIQUE (M) BERHAD,5259.KL,
5260,ONLY WORLD GROUP HOLDINGS BERHAD,5260.KL,
5263,SUNWAY CONSTRUCTION GROUP BERHAD,5263.KL,
5264,MALAKOFF CORPORATION BERHAD,5264.KL,
5265,DOLPHIN INTERNATIONAL BERHAD,5265.KL,
5267,XIN HWA HOLDINGS BERHAD,5267.KL,
5268,IKHMAS JAYA GROUP BERHAD,5268.KL,
5269,AL-SALAM REAL ESTATE INVESTMENT TRUST,5269.KL,
5270,RED SENA BERHAD,5270.KL,
5271,PECCA GROUP BERHAD,5271.KL,
5272,RANHILL HOLDINGS BERHAD,5272.KL,
5273,CHIN HIN GROUP BERHAD,5273.KL,
5274,HONG LEONG CAPITAL BERHAD,5274.KL,
5275,MYNEWS HOLDINGS BERHAD,5275.KL,
5276,DANCOMECH HOLDINGS BERHAD,5276.KL,
5277,FOUNDPAC GROUP BERHAD,5277.KL,
5278,RHONE MA HOLDINGS BERHAD,5278.KL,
5279,SERBA DINAMIK HOLDINGS BERHAD,5279.KL,
5280,KIP REAL ESTATE INVESTMENT TRUST,5280.KL,
5281,ADVANCECON HOLDINGS BERHAD,5281.KL,
5283,ECO WORLD INTERNATIONAL BERHAD,5283.KL,
5284,LOTTE CHEMICAL TITAN HOLDING BERHAD,5284.KL,
5285,SIME DARBY PLANTATION BERHAD,5285.KL,
5286,MI TECHNOVATION BERHAD,5286.KL,
5288,SIME DARBY PROPERTY BERHAD,5288.KL,
5289,TECHBOND GROUP BERHAD,5289.KL,
5347,TENAGA NASIONAL BHD,5347.KL,
5355,DAIMAN DEVELOPMENT BHD,5355.KL,
5371,KIM HIN INDUSTRY BERHAD,5371.KL,
5398,GAMUDA BERHAD,5398.KL,
5401,TROPICANA CORPORATION BERHAD,5401.KL,
5436,PERUSAHAAN SADUR TIMAH MALAYSIA (PERSTIMA) BHD,5436.KL,
5517,SHANGRI-LA HOTELS (MALAYSIA) BERHAD,5517.KL,
5533,OCB BERHAD,5533.KL,
5568,APB RESOURCES BERHAD,5568.KL,
5576,MINHO (M) BERHAD,5576.KL,
5584,YEE LEE CORPORATION BHD,5584.KL,
5592,GRAND CENTRAL ENTERPRISES BHD,5592.KL,
5606,IGB BERHAD,5606.KL,
5614,INTEGRATED LOGISTICS BHD,5614.KL,
5622,PIMPINAN EHSAN BERHAD,5622.KL,
5649,GOLDEN PHAROS BERHAD,5649.KL,
5657,PARKSON HOLDINGS BERHAD,5657.KL,
5665,SOUTHERN STEEL BERHAD,5665.KL,
5673,IPMUDA BERHAD,5673.KL,
5681,PETRONAS DAGANGAN BHD,5681.KL,
5703,MUHIBBAH ENGINEERING (M) BHD,5703.KL,
5738,COUNTRY HEIGHTS HOLDINGS BHD,5738.KL,
5754,UTUSAN MELAYU (MALAYSIA) BERHAD,5754.KL,
5789,LBS BINA GROUP BERHAD,5789.KL,
5797,CHOO BEE METAL INDUSTRIES BHD,5797.KL,
5819,HONG LEONG BANK BERHAD,5819.KL,
5827,ORIENTAL INTEREST BERHAD,5827.KL,
5835,DOLOMITE CORPORATION BERHAD,5835.KL,
5843,KUMPULAN PERANGSANG SELANGOR BERHAD,5843.KL,
5878,KPJ HEALTHCARE BERHAD,5878.KL,
5886,MINTYE BERHAD,5886.KL,
5908,DKSH HOLDINGS (MALAYSIA) BERHAD,5908.KL,
5916,MALAYSIA SMELTING CORPORATION BERHAD,5916.KL,
5924,MTD ACPI ENGINEERING BERHAD,5924.KL,
5932,BINA PURI HOLDINGS BHD,5932.KL,
5959,AMVERTON BERHAD,5959.KL,
5983,MBM RESOURCES BHD,5983.KL,
6009,PACIFIC & ORIENT BERHAD,6009.KL,
6012,MAXIS BERHAD,6012.KL,
6017,SHL CONSOLIDATED BHD,6017.KL,
6025,BERJAYA MEDIA BERHAD,6025.KL,
6033,PETRONAS GAS BERHAD,6033.KL,
6041,FARLIM GROUP (MALAYSIA) BHD,6041.KL,
6068,PCCS GROUP BERHAD,6068.KL,
6076,ENCORP BERHAD,6076.KL,
6084,STAR MEDIA GROUP BERHAD,6084.KL,
6114,MKH BERHAD,6114.KL,
6139,SYARIKAT TAKAFUL MALAYSIA KELUARGA BERHAD,6139.KL,
6149,METROD HOLDINGS BERHAD,6149.KL,
6173,BINA DARULAMAN BERHAD,6173.KL,
6181,MALTON BERHAD,6181.KL,
6203,KHEE SAN BERHAD,6203.KL,
6211,KIA LIM BERHAD,6211.KL,
6238,HOCK SENG LEE BERHAD,6238.KL,
6254,PDZ HOLDINGS BHD,6254.KL,
6262,INNOPRISE PLANTATIONS BERHAD,6262.KL,
6297,BOX-PAK (MALAYSIA) BERHAD,6297.KL,
6351,AMWAY (MALAYSIA) HOLDINGS BERHAD,6351.KL,
6378,WMG HOLDINGS BERHAD,6378.KL,
6399,ASTRO MALAYSIA HOLDINGS BERHAD,6399.KL,
6432,APOLLO FOOD HOLDINGS BERHAD,6432.KL,
6459,MNRB HOLDINGS BERHAD,6459.KL,
6483,KENANGA INVESTMENT BANK BERHAD,6483.KL,
6491,KUMPULAN FIMA BERHAD,6491.KL,
6521,SURIA CAPITAL HOLDINGS BERHAD,6521.KL,
6548,MALAYSIA PACIFIC CORPORATION BERHAD,6548.KL,
6556,ANN JOO RESOURCES BERHAD,6556.KL,
6572,KWANTAS CORPORATION BERHAD,6572.KL,
6599,AEON CO. (M) BHD,6599.KL,
6602,BCB BERHAD,6602.KL,
6637,PNE PCB BERHAD,6637.KL,
6645,LINGKARAN TRANS KOTA HOLDINGS BERHAD,6645.KL,
6718,CRESCENDO CORPORATION BERHAD,6718.KL,
6742,YTL POWER INTERNATIONAL BHD,6742.KL,
6769,JKG LAND BERHAD,6769.KL,
6807,PUNCAK NIAGA HOLDINGS BERHAD,6807.KL,
6815,EUPE CORPORATION BERHAD,6815.KL,
6874,KUB MALAYSIA BERHAD,6874.KL,
6888,AXIATA GROUP BERHAD,6888.KL,
6904,SUBUR TIASA HOLDINGS BERHAD,6904.KL,
6912,PASDEC HOLDINGS BERHAD,6912.KL,
6939,FIAMMA HOLDINGS BERHAD,6939.KL,
6947,DIGI.COM BERHAD,6947.KL,
6963,V.S. INDUSTRY BERHAD,6963.KL,
6971,KOBAY TECHNOLOGY BERHAD,6971.KL,
6998,BINTAI KINDEN CORPORATION BERHAD,6998.KL,
7003,Y&G CORPORATION BHD,7003.KL,
7004,MCE HOLDINGS BERHAD,7004.KL,
7005,B.I.G. INDUSTRIES BERHAD,7005.KL,
7006,LATITUDE TREE HOLDINGS BERHAD,7006.KL,
7007,ARK RESOURCES HOLDINGS BERHAD,7007.KL,
7010,GRAND HOOVER BERHAD,7010.KL,
7013,HUBLINE BERHAD,7013.KL,
7014,YLI HOLDINGS BERHAD,7014.KL,
7016,CHUAN HUAT RESOURCES BHD,7016.KL,
7017,KOMARKCORP BERHAD,7017.KL,
7018,CME GROUP BERHAD,7018.KL,
7020,YKGI HOLDINGS BERHAD,7020.KL,
7022,GLOBETRONICS TECHNOLOGY BERHAD,7022.KL,
7025,WOODLANDOR HOLDINGS BHD,7025.KL,
7028,ZECON BERHAD,7028.KL,
7029,MASTER-PACK GROUP BERHAD,7029.KL,
7031,AMTEL HOLDINGS BERHAD,7031.KL,
7033,KUMPULAN H & L HIGH-TECH BERHAD,7033.KL,
7034,THONG GUAN INDUSTRIES BERHAD,7034.KL,
7035,CCK CONSOLIDATED HOLDINGS BERHAD,7035.KL,
7036,BORNEO OIL BERHAD,7036.KL,
7043,JMR CONGLOMERATION BERHAD,7043.KL,
7045,SCOMI ENERGY SERVICES BHD,7045.KL,
7047,FAJARBARU BUILDER GROUP BHD,7047.KL,
7048,ATLAN HOLDINGS BHD.,7048.KL,
7050,WONG ENGINEERING CORPORATION BERHAD,7050.KL,
7051,AMTEK HOLDINGS BERHAD,7051.KL,
7052,PADINI HOLDINGS BERHAD,7052.KL,
7053,SEE HUP CONSOLIDATED BERHAD,7053.KL,
7054,ASTRAL ASIA BERHAD,7054.KL,
7055,PLB ENGINEERING BERHAD,7055.KL,
7060,NEW HOONG FATT HOLDINGS BERHAD,7060.KL,
7062,KHIND HOLDINGS BERHAD,7062.KL,
7066,YONG TAI BERHAD,7066.KL,
7070,VIZIONE HOLDINGS BERHAD,7070.KL,
7071,OCR GROUP BERHAD,7071.KL,
7073,SEACERA GROUP BERHAD,7073.KL,
7076,CB INDUSTRIAL PRODUCT HOLDING BERHAD,7076.KL,
7077,GSB GROUP BERHAD,7077.KL,
7078,AHMAD ZAKI RESOURCES BERHAD,7078.KL,
7079,TIGER SYNERGY BERHAD,7079.KL,
7080,PERMAJU INDUSTRIES BERHAD,7080.KL,
7081,PHARMANIAGA BERHAD,7081.KL,
7082,SYF RESOURCES BERHAD,7082.KL,
7083,ANALABS RESOURCES BERHAD,7083.KL,
7084,QL RESOURCES BERHAD,7084.KL,
7085,LTKM BERHAD,7085.KL,
7086,ABLEGROUP BERHAD,7086.KL,
7087,MAGNI-TECH INDUSTRIES BERHAD,7087.KL,
7088,POH HUAT RESOURCES HOLDINGS BERHAD,7088.KL,
7089,LII HEN INDUSTRIES BHD.,7089.KL,
7090,APEX HEALTHCARE BERHAD,7090.KL,
7091,UNIMECH GROUP BERHAD,7091.KL,
7094,EUROSPAN HOLDINGS BERHAD,7094.KL,
7095,P.I.E. INDUSTRIAL BERHAD,7095.KL,
7096,GPA HOLDINGS BERHAD,7096.KL,
7097,TA WIN HOLDINGS BERHAD,7097.KL,
7099,ATTA GLOBAL GROUP BERHAD,7099.KL,
7100,UCHI TECHNOLOGIES BERHAD,7100.KL,
7103,SPRITZER BHD,7103.KL,
7105,HCK CAPITAL GROUP BERHAD,7105.KL,
7106,SUPERMAX CORPORATION BERHAD,7106.KL,
7107,ORIENTAL FOOD INDUSTRIES HOLDINGS BERHAD,7107.KL,
7108,PERDANA PETROLEUM BERHAD,7108.KL,
7113,TOP GLOVE CORPORATION BHD,7113.KL,
7114,D'NONCE TECHNOLOGY BHD,7114.KL,
7115,SKB SHUTTERS CORPORATION BERHAD,7115.KL,
7117,CJ CENTURY LOGISTICS HOLDINGS BERHAD,7117.KL,
7119,DEGEM BERHAD,7119.KL,
7120,ACOUSTECH BERHAD,7120.KL,
7121,XIAN LENG HOLDINGS BERHAD,7121.KL,
7122,YFG BERHAD,7122.KL,
7123,PRICEWORTH INTERNATIONAL BERHAD,7123.KL,
7126,LONDON BISCUITS BERHAD,7126.KL,
7128,CAM RESOURCES BERHAD,7128.KL,
7129,ASIA FILE CORPORATION BHD,7129.KL,
7130,KUMPULAN POWERNET BERHAD,7130.KL,
7131,ACME HOLDINGS BERHAD,7131.KL,
7132,SMIS CORPORATION BERHAD,7132.KL,
7133,UNITED U-LI CORPORATION BERHAD,7133.KL,
7134,PWF CONSOLIDATED BERHAD,7134.KL,
7137,UMS HOLDINGS BERHAD,7137.KL,
7139,NICHE CAPITAL EMAS HOLDINGS BERHAD,7139.KL,
7140,OKA CORPORATION BHD,7140.KL,
7143,STONE MASTER CORPORATION BERHAD,7143.KL,
7145,PRINSIPTEK CORPORATION BERHAD,7145.KL,
7146,AE MULTI HOLDINGS BERHAD,7146.KL,
7148,CCM DUOPHARMA BIOTECH BERHAD,7148.KL,
7149,ENG KAH CORPORATION BERHAD,7149.KL,
7152,JAYCORP BERHAD,7152.KL,
7153,KOSSAN RUBBER INDUSTRIES BERHAD,7153.KL,
7154,CAELY HOLDINGS BHD,7154.KL,
7155,SKP RESOURCES BHD,7155.KL,
7157,CYL CORPORATION BERHAD,7157.KL,
7158,SCOMI GROUP BERHAD,7158.KL,
7160,PENTAMASTER CORPORATION BERHAD,7160.KL,
7161,KERJAYA PROSPEK GROUP BERHAD,7161.KL,
7162,ASTINO BERHAD,7162.KL,
7163,PJBUMI BERHAD,7163.KL,
7165,SPRING GALLERY BERHAD,7165.KL,
7167,JOHORE TIN BERHAD,7167.KL,
7168,PRG HOLDINGS BERHAD,7168.KL,
7169,DOMINANT ENTERPRISE BERHAD,7169.KL,
7170,LFE CORPORATION BERHAD,7170.KL,
7172,PMB TECHNOLOGY BERHAD,7172.KL,
7173,TOYO INK GROUP BERHAD,7173.KL,
7174,CAB CAKARAN CORPORATION BERHAD,7174.KL,
7176,TPC PLUS BERHAD,7176.KL,
7178,Y.S.P.SOUTHEAST ASIA HOLDING BERHAD,7178.KL,
7179,D.B.E. GURNEY RESOURCES BERHAD,7179.KL,
7180,SERN KOU RESOURCES BERHAD,7180.KL,
7181,ATURMAJU RESOURCES BERHAD,7181.KL,
7182,EKA NOODLES BERHAD,7182.KL,
7183,IRE-TEX CORPORATION BERHAD,7183.KL,
7184,G3 GLOBAL BERHAD,7184.KL,
7186,SWS CAPITAL BERHAD,7186.KL,
7187,CHIN HIN GROUP PROPERTY BERHAD,7187.KL,
7188,BTM RESOURCES BERHAD,7188.KL,
7189,MB WORLD GROUP BERHAD,7189.KL,
7190,PELANGI PUBLISHING GROUP BHD.,7190.KL,
7191,ADVENTA BERHAD,7191.KL,
7192,GOODWAY INTEGRATED INDUSTRIES BERHAD,7192.KL,
7195,COMINTEL CORPORATION BHD,7195.KL,
7197,GE-SHEN CORPORATION BERHAD,7197.KL,
7198,DPS RESOURCES BERHAD,7198.KL,
7199,KEIN HING INTERNATIONAL BERHAD,7199.KL,
7200,TEK SENG HOLDINGS BERHAD,7200.KL,
7201,PROGRESSIVE IMPACT CORPORATION BERHAD,7201.KL,
7202,CLASSIC SCENIC BERHAD,7202.KL,
7203,WANG-ZHENG BERHAD,7203.KL,
7204,D&O GREEN TECHNOLOGIES BERHAD,7204.KL,
7205,COCOALAND HOLDINGS BERHAD,7205.KL,
7206,TH HEAVY ENGINEERING BERHAD,7206.KL,
7207,SUCCESS TRANSFORMER CORPORATION BERHAD,7207.KL,
7208,EURO HOLDINGS BERHAD,7208.KL,
7209,CHEETAH HOLDINGS BERHAD,7209.KL,
7210,FREIGHT MANAGEMENT HOLDINGS BERHAD,7210.KL,
7211,TAFI INDUSTRIES BERHAD,7211.KL,
7212,DESTINI BERHAD,7212.KL,
7214,A-RANK BERHAD,7214.KL,
7215,NI HSIN RESOURCES BERHAD,7215.KL,
7216,KAWAN FOOD BERHAD,7216.KL,
7217,EONMETALL GROUP BERHAD,7217.KL,
7218,TRANSOCEAN HOLDINGS BHD,7218.KL,
7219,MINETECH RESOURCES BERHAD,7219.KL,
7221,BSL CORPORATION BERHAD,7221.KL,
7222,IMASPRO CORPORATION BERHAD,7222.KL,
7223,JADI IMAGING HOLDINGS BERHAD,7223.KL,
7225,P.A. RESOURCES BERHAD,7225.KL,
7226,WATTA HOLDING BERHAD,7226.KL,
7227,UMS-NEIKEN GROUP BERHAD,7227.KL,
7228,T7 GLOBAL BERHAD,7228.KL,
7229,FAVELLE FAVCO BERHAD,7229.KL,
7230,TOMEI CONSOLIDATED BERHAD,7230.KL,
7231,WELLCALL HOLDINGS BERHAD,7231.KL,
7232,RESINTECH BERHAD,7232.KL,
7233,DUFU TECHNOLOGY CORP. BERHAD,7233.KL,
7234,MESB BERHAD,7234.KL,
7235,SUPERLON HOLDINGS BERHAD,7235.KL,
7237,POWER ROOT BERHAD,7237.KL,
7239,SCANWOLF CORPORATION BERHAD,7239.KL,
7240,VERTICE BERHAD,7240.KL,
7241,NEXTGREEN GLOBAL BERHAD,7241.KL,
7243,BIO OSMO BERHAD,7243.KL,
7245,WZ SATU BERHAD,7245.KL,
7246,SIGNATURE INTERNATIONAL BERHAD,7246.KL,
7247,SCGM BHD,7247.KL,
7248,SLP RESOURCES BERHAD,7248.KL,
7249,EWEIN BERHAD,7249.KL,
7250,UZMA BERHAD,7250.KL,
7251,BARAKAH OFFSHORE PETROLEUM BERHAD,7251.KL,
7252,TEO SENG CAPITAL BERHAD,7252.KL,
7253,HANDAL RESOURCES BERHAD,7253.KL,
7277,DIALOG GROUP BERHAD,7277.KL,
7285,TOMYPAK HOLDINGS BERHAD,7285.KL,
7293,YINSON HOLDINGS BERHAD,7293.KL,
7315,AHB HOLDINGS BERHAD,7315.KL,
7323,KEN HOLDINGS BERHAD,7323.KL,
7374,TIEN WAH PRESS HOLDINGS BERHAD,7374.KL,
7382,GOLDEN LAND BERHAD,7382.KL,
7412,SHH RESOURCES HOLDINGS BERHAD,7412.KL,
7439,TECK GUAN PERDANA BERHAD,7439.KL,
7471,EDEN INC. BERHAD,7471.KL,
7498,RALCO CORPORATION BERHAD,7498.KL,
7501,HARN LEN CORPORATION BHD,7501.KL,
7528,DKLS INDUSTRIES BHD,7528.KL,
7544,QUALITY CONCRETE HOLDINGS BERHAD,7544.KL,
7579,AWC BERHAD,7579.KL,
7595,MGB BERHAD,7595.KL,
7609,AJIYA BERHAD,7609.KL,
7617,MAGNA PRIMA BERHAD,7617.KL,
7668,HAI-O ENTERPRISE BERHAD,7668.KL,
7676,GUNUNG CAPITAL BERHAD,7676.KL,
7692,WIDETECH (MALAYSIA) BERHAD,7692.KL,
7722,ASIA BRANDS BERHAD,7722.KL,
7757,UPA CORPORATION BHD,7757.KL,
7765,RAPID SYNERGY BERHAD,7765.KL,
7773,EP MANUFACTURING BHD,7773.KL,
7803,RUBBEREX CORPORATION (M) BERHAD,7803.KL,
7811,SAPURA INDUSTRIAL BERHAD,7811.KL,
7854,TIMBERWELL BERHAD,7854.KL,
7889,THRIVEN GLOBAL BERHAD,7889.KL,
7935,MILUX CORPORATION BERHAD,7935.KL,
7943,SAND NISKO CAPITAL BERHAD,7943.KL,
7986,CN ASIA CORPORATION BHD,7986.KL,
8044,COMPUTER FORMS (MALAYSIA) BERHAD,8044.KL,
8052,CENTRAL INDUSTRIAL CORPORATION BERHAD,8052.KL,
8079,LEE SWEE KIAT GROUP BERHAD,8079.KL,
8117,POLY GLASS FIBRE (M) BERHAD,8117.KL,
8125,DAIBOCHI BERHAD,8125.KL,
8133,BOUSTEAD HEAVY INDUSTRIES CORPORATION BHD,8133.KL,
8141,MAJUPERAK HOLDINGS BERHAD,8141.KL,
8176,ATA IMS BERHAD,8176.KL,
8192,MERCURY INDUSTRIES BERHAD,8192.KL,
8206,ECO WORLD DEVELOPMENT GROUP BERHAD,8206.KL,
8273,PUBLIC PACKAGES HOLDINGS BHD,8273.KL,
8303,KUANTAN FLOUR MILLS BHD,8303.KL,
8311,PESONA METRO HOLDINGS BERHAD,8311.KL,
8338,DATAPREP HOLDINGS BHD,8338.KL,
8346,PERAK CORPORATION BERHAD,8346.KL,
8362,KYM HOLDINGS BERHAD,8362.KL,
8397,TIONG NAM LOGISTICS HOLDINGS BERHAD,8397.KL,
8419,PANSAR BERHAD,8419.KL,
8435,CONCRETE ENGINEERING PRODUCTS BERHAD,8435.KL,
8443,HIL INDUSTRIES BERHAD,8443.KL,
8478,HWA TAI INDUSTRIES BERHAD,8478.KL,
8486,LION FOREST INDUSTRIES BERHAD,8486.KL,
8494,LBI CAPITAL BERHAD,8494.KL,
8524,TALIWORKS CORPORATION BERHAD,8524.KL,
8532,SINOTOP HOLDINGS BERHAD,8532.KL,
8567,SALCON BERHAD,8567.KL,
8583,MAH SING GROUP BERHAD,8583.KL,
8591,CREST BUILDER HOLDINGS BERHAD,8591.KL,
8605,FEDERAL INTERNATIONAL HOLDINGS BERHAD,8605.KL,
8613,ENRA GROUP BERHAD,8613.KL,
8621,LPI CAPITAL BHD,8621.KL,
8648,JASA KITA BERHAD,8648.KL,
8664,S P SETIA BERHAD,8664.KL,
8672,KAMDAR GROUP (M) BERHAD,8672.KL,
8702,TEXCHEM RESOURCES BERHAD,8702.KL,
8745,LEWEKO RESOURCES BERHAD,8745.KL,
8761,BREM HOLDING BERHAD,8761.KL,
8834,IREKA CORPORATION BERHAD,8834.KL,
8869,PRESS METAL ALUMINIUM HOLDINGS BERHAD,8869.KL,
8877,EKOVEST BERHAD,8877.KL,
8885,AVILLION BERHAD,8885.KL,
8893,MK LAND HOLDINGS BERHAD,8893.KL,
8907,EG INDUSTRIES BERHAD,8907.KL,
8923,JIANKUN INTERNATIONAL BERHAD,8923.KL,
8931,JERASIA CAPITAL BERHAD,8931.KL,
8966,PROLEXUS BERHAD,8966.KL,
8982,CEPATWAWASAN GROUP BERHAD,8982.KL,
9008,OMESTI BERHAD,9008.KL,
9016,EKSONS CORPORATION BERHAD,9016.KL,
9059,TSH RESOURCES BERHAD,9059.KL,
9075,THETA EDGE BERHAD,9075.KL,
9083,KUMPULAN JETSON BERHAD,9083.KL,
9091,EMICO HOLDINGS BERHAD,9091.KL,
9113,SANBUMI HOLDINGS BERHAD,9113.KL,
9121,KPS CONSORTIUM BERHAD,9121.KL,
9148,ADVANCED PACKAGING TECHNOLOGY (M) BHD,9148.KL,
9172,FORMOSA PROSONIC INDUSTRIES BERHAD,9172.KL,
9199,LYSAGHT GALVANIZED STEEL BERHAD,9199.KL,
9237,SARAWAK CONSOLIDATED INDUSTRIES BERHAD,9237.KL,
9261,GADANG HOLDINGS BHD,9261.KL,
9288,BONIA CORPORATION BERHAD,9288.KL,
9296,RCE CAPITAL BERHAD,9296.KL,
9318,FITTERS DIVERSIFIED BERHAD,9318.KL,
9326,LB ALUMINIUM BERHAD,9326.KL,
9334,KESM INDUSTRIES BERHAD,9334.KL,
9342,ANZO HOLDINGS BERHAD,9342.KL,
9369,TEO GUAN LEE CORPORATION BERHAD,9369.KL,
9377,FSBM HOLDINGS BERHAD,9377.KL,
9385,LAY HONG BERHAD,9385.KL,
9393,INDUSTRONICS BERHAD,9393.KL,
9407,PARAGON UNION BERHAD,9407.KL,
9423,CWG HOLDINGS BERHAD,9423.KL,
9431,SENI JAYA CORPORATION BERHAD,9431.KL,
9466,KKB ENGINEERING BERHAD,9466.KL,
9474,BRAHIM'S HOLDINGS BERHAD,9474.KL,
9539,MULTI-USAGE HOLDINGS BERHAD,9539.KL,
9571,MITRAJAYA HOLDINGS BERHAD,9571.KL,
9598,PINTARAS JAYA BHD,9598.KL,
9601,HO WAH GENTING BERHAD,9601.KL,
9628,LEBTECH BERHAD,9628.KL,
9679,WCT HOLDINGS BERHAD,9679.KL,
9687,IDEAL UNITED BINTANG INTERNATIONAL BERHAD,9687.KL,
9695,PLS PLANTATIONS BERHAD,9695.KL,
9717,SYCAL VENTURES BERHAD,9717.KL,
9741,ROHAS TECNIC BERHAD,9741.KL,
9776,SINMAH CAPITAL BERHAD,9776.KL,
9792,SEG INTERNATIONAL BHD,9792.KL,
9806,NATIONWIDE EXPRESS HOLDINGS BERHAD,9806.KL,
9814,BERTAM ALLIANCE BERHAD,9814.KL,
9822,SAM ENGINEERING & EQUIPMENT (M) BERHAD,9822.KL,
9865,SUIWAH CORPORATION BERHAD,9865.KL,
9873,PRESTAR RESOURCES BERHAD,9873.KL,
9881,LEADER STEEL HOLDINGS BERHAD,9881.KL,
9938,BRIGHT PACKAGING INDUSTRY BERHAD,9938.KL,
9946,REX INDUSTRY BERHAD,9946.KL,
9954,RGT BERHAD,9954.KL,
9962,GROMUTUAL BERHAD,9962.KL,
9997,PENSONIC HOLDINGS BERHAD,9997.KL,
5235SS,KLUANG RUBBER COMPANY (MALAYA) BERHAD,5235SS.KL,
KLCC+PROPERTY+HOLDINGS+BERHAD,KLCC PROPERTY HOLDINGS BERHAD,KLCC+PROPERTY+HOLDINGS+BERHAD.KL,
KLCC+REAL+ESTATE+INVESTMENT+TRUST,KLCC REAL ESTATE INVESTMENT TRUST,KLCC+REAL+ESTATE+INVESTMENT+TRUST.KL,
